unit_number,time_cycles,op_setting_1,op_setting_2,op_setting_3,sensor_1,sensor_2,sensor_3,sensor_4,sensor_5,sensor_6,sensor_7,sensor_8,sensor_9,sensor_10,sensor_11,sensor_12,sensor_13,sensor_14,sensor_15,sensor_16,sensor_17,sensor_18,sensor_19,sensor_20,sensor_21
1,1,9.9987,0.2502,100.0,489.05,605.03,1497.17,1304.99,10.52,15.49,394.54,2318.96,8763.8,1.26,45.61,371.69,2388.18,8114.1,8.6476,0.03,369,2319,100.0,28.42,17.1551
1,2,20.0026,0.7,100.0,491.19,607.82,1481.2,1246.11,9.35,13.66,334.36,2323.95,8713.21,1.08,44.26,315.32,2388.12,8053.06,9.2405,0.02,364,2324,100.0,24.29,14.8039
1,3,35.0045,0.84,100.0,449.44,556.0,1359.08,1128.36,5.48,8.0,193.55,2222.67,8340.2,1.02,41.8,183.04,2387.75,8053.04,9.3472,0.02,333,2223,100.0,14.98,8.9125
1,4,42.0066,0.841,100.0,445.0,550.17,1349.69,1127.89,3.91,5.71,138.74,2211.58,8313.85,1.02,42.21,130.4,2387.72,8066.9,9.3961,0.02,332,2212,100.0,10.35,6.4181
1,5,24.9985,0.6213,60.0,462.54,536.72,1253.18,1050.69,7.05,9.03,175.75,1915.1,7997.13,0.94,36.76,164.56,2028.05,7865.66,10.8682,0.02,305,1915,84.93,14.31,8.574
1,6,25.0006,0.6206,60.0,462.54,536.62,1258.9,1047.35,7.05,9.02,175.16,1915.14,8007.49,0.94,36.87,164.46,2028.03,7859.98,10.9378,0.02,307,1915,84.93,14.26,8.4941
1,7,42.0017,0.84,100.0,445.0,549.47,1351.28,1124.43,3.91,5.72,138.68,2211.62,8309.66,1.02,41.99,130.82,2387.73,8069.15,9.3595,0.02,330,2212,100.0,10.57,6.3555
1,8,41.9994,0.8404,100.0,445.0,549.49,1349.2,1126.95,3.91,5.71,138.75,2211.67,8303.29,1.02,42.15,131.0,2387.7,8068.88,9.3753,0.02,330,2212,100.0,10.67,6.2992
1,9,35.0005,0.8408,100.0,449.44,555.64,1357.76,1133.32,5.48,8.0,194.57,2222.74,8337.78,1.02,41.98,182.91,2387.76,8054.19,9.3341,0.02,336,2223,100.0,14.84,8.9374
1,10,20.0001,0.7,100.0,491.19,607.33,1483.66,1261.66,9.35,13.66,334.17,2323.89,8706.03,1.08,44.35,314.94,2388.03,8045.67,9.2522,0.02,365,2324,100.0,24.47,14.6186
1,11,10.0034,0.25,100.0,489.05,604.97,1501.43,1308.06,10.52,15.49,394.14,2318.92,8760.65,1.26,45.25,371.46,2388.16,8118.3,8.6635,0.03,370,2319,100.0,28.39,17.0537
1,12,42.0004,0.8401,100.0,445.0,549.22,1351.25,1128.23,3.91,5.72,139.0,2211.66,8308.93,1.02,42.17,130.65,2387.66,8070.58,9.3755,0.02,331,2212,100.0,10.48,6.341
1,13,25.0065,0.6202,60.0,462.54,536.81,1266.49,1050.65,7.05,9.02,175.86,1915.16,8001.4,0.94,36.69,164.49,2028.05,7865.75,10.9289,0.02,307,1915,84.93,14.21,8.6485
1,14,41.9993,0.8418,100.0,445.0,549.86,1348.21,1124.43,3.91,5.72,139.44,2211.61,8298.62,1.02,42.03,130.7,2387.7,8067.49,9.3854,0.02,333,2212,100.0,10.7,6.3459
1,15,0.0028,0.0,100.0,518.67,642.68,1588.08,1405.52,14.62,21.61,553.31,2388.15,9036.08,1.3,47.4,521.15,2388.13,8117.73,8.4224,0.03,391,2388,100.0,38.92,23.379
1,16,25.0039,0.6201,60.0,462.54,536.85,1255.39,1045.72,7.05,9.02,175.56,1915.16,8006.38,0.94,36.88,164.24,2028.06,7870.18,10.8909,0.02,308,1915,84.93,14.3,8.667
1,17,25.0046,0.62,60.0,462.54,536.43,1263.53,1052.85,7.05,9.03,175.3,1915.18,7994.84,0.94,36.94,165.06,2028.04,7863.58,10.8812,0.02,306,1915,84.93,14.44,8.6406
1,18,20.0066,0.7,100.0,491.19,607.55,1484.77,1254.02,9.35,13.65,335.24,2323.95,8712.86,1.07,44.35,314.97,2387.99,8047.32,9.2314,0.02,365,2324,100.0,24.33,14.6571
1,19,42.0018,0.8408,100.0,445.0,549.74,1349.26,1128.53,3.91,5.71,137.86,2211.57,8304.6,1.02,42.26,130.45,2387.68,8067.8,9.3745,0.02,330,2212,100.0,10.55,6.3165
1,20,35.0069,0.84,100.0,449.44,556.13,1360.08,1132.99,5.48,8.0,194.4,2222.71,8343.05,1.02,41.88,183.22,2387.8,8060.09,9.3425,0.02,333,2223,100.0,14.8,8.8903
1,21,10.0027,0.25,100.0,489.05,604.43,1489.56,1303.94,10.52,15.49,394.24,2318.98,8766.76,1.26,45.4,370.92,2388.15,8116.73,8.681,0.03,370,2319,100.0,28.59,17.1567
1,22,34.9982,0.84,100.0,449.44,555.62,1364.46,1120.07,5.48,8.0,194.89,2222.69,8345.59,1.02,41.88,183.07,2387.82,8055.8,9.3369,0.02,334,2223,100.0,14.81,8.9771
1,23,10.0012,0.2515,100.0,489.05,604.99,1502.94,1315.0,10.52,15.49,394.06,2318.95,8770.88,1.26,45.21,371.6,2388.23,8118.01,8.6643,0.03,370,2319,100.0,28.54,17.0128
1,24,42.0026,0.8409,100.0,445.0,549.02,1358.44,1121.73,3.91,5.71,138.8,2211.6,8305.04,1.02,42.06,129.93,2387.67,8064.59,9.3592,0.02,332,2212,100.0,10.68,6.3513
1,25,20.0049,0.7017,100.0,491.19,607.35,1484.56,1252.51,9.35,13.66,334.46,2323.96,8711.73,1.08,44.38,314.8,2388.07,8050.51,9.2142,0.03,365,2324,100.0,24.53,14.6724
1,26,42.0019,0.8405,100.0,445.0,549.55,1349.35,1130.99,3.91,5.71,138.46,2211.62,8302.33,1.02,42.21,130.65,2387.69,8073.58,9.4075,0.02,331,2212,100.0,10.49,6.3442
1,27,42.007,0.841,100.0,445.0,549.31,1345.42,1130.56,3.91,5.71,138.75,2211.59,8313.13,1.02,42.07,130.78,2387.71,8062.93,9.3916,0.02,330,2212,100.0,10.49,6.3296
1,28,42.0068,0.8418,100.0,445.0,549.3,1357.39,1128.8,3.91,5.71,138.55,2211.62,8308.96,1.02,42.03,130.44,2387.62,8063.99,9.344,0.02,331,2212,100.0,10.57,6.3721
1,29,10.0047,0.25,100.0,489.05,604.49,1501.87,1312.54,10.52,15.49,394.29,2318.92,8760.57,1.26,45.26,371.12,2388.17,8111.83,8.6762,0.03,369,2319,100.0,28.75,17.0546
1,30,41.9983,0.84,100.0,445.0,549.55,1353.61,1131.34,3.91,5.72,138.54,2211.7,8314.66,1.02,42.15,130.82,2387.67,8072.67,9.3877,0.02,330,2212,100.0,10.62,6.3198
1,31,42.0073,0.8404,100.0,445.0,549.58,1352.84,1125.52,3.91,5.71,138.66,2211.67,8316.69,1.02,42.16,130.98,2387.69,8074.86,9.417,0.02,331,2212,100.0,10.56,6.2812
1,32,35.0067,0.8403,100.0,449.44,555.62,1365.86,1134.14,5.48,8.0,194.55,2222.74,8337.42,1.02,41.97,183.04,2387.83,8053.37,9.2959,0.02,334,2223,100.0,14.67,8.9619
1,33,35.0009,0.8408,100.0,449.44,555.87,1364.69,1129.21,5.48,8.0,193.62,2222.8,8339.94,1.02,41.92,182.51,2387.85,8057.7,9.3377,0.02,333,2223,100.0,14.87,8.8815
1,34,25.0023,0.6219,60.0,462.54,536.8,1261.54,1044.79,7.05,9.02,175.52,1915.18,8010.92,0.94,36.84,164.58,2028.07,7871.96,10.896,0.02,306,1915,84.93,14.01,8.6475
1,35,34.9993,0.84,100.0,449.44,555.54,1362.1,1126.92,5.48,8.0,194.41,2222.76,8334.17,1.02,41.8,183.01,2387.81,8053.7,9.2995,0.02,332,2223,100.0,14.86,8.8023
1,36,25.0047,0.6217,60.0,462.54,536.87,1262.34,1052.78,7.05,9.03,175.45,1915.06,8005.43,0.94,36.75,164.53,2028.06,7866.16,10.8845,0.02,306,1915,84.93,14.45,8.5771
1,37,0.0009,0.0012,100.0,518.67,642.07,1596.41,1404.53,14.62,21.61,553.39,2388.09,9045.6,1.3,47.4,521.68,2388.12,8123.08,8.4361,0.03,393,2388,100.0,38.89,23.2925
1,38,42.0062,0.8417,100.0,445.0,549.93,1353.79,1132.17,3.91,5.71,138.57,2211.65,8310.65,1.02,42.25,130.63,2387.72,8073.93,9.3801,0.02,330,2212,100.0,10.58,6.2903
1,39,34.9995,0.842,100.0,449.44,555.82,1361.37,1138.44,5.48,8.0,194.11,2222.72,8340.39,1.02,42.07,182.44,2387.79,8056.15,9.3014,0.02,333,2223,100.0,14.95,8.8077
1,40,20.001,0.7,100.0,491.19,607.87,1490.79,1250.49,9.35,13.66,334.49,2323.9,8716.66,1.08,44.48,314.19,2388.04,8047.41,9.1953,0.02,366,2324,100.0,24.41,14.6732
1,41,0.0025,0.0007,100.0,518.67,642.47,1595.21,1409.72,14.62,21.61,553.44,2388.09,9045.06,1.3,47.46,521.27,2388.1,8120.75,8.4429,0.03,393,2388,100.0,38.83,23.2955
1,42,35.0018,0.84,100.0,449.44,555.2,1366.71,1124.97,5.48,8.0,194.68,2222.7,8336.51,1.02,41.88,183.02,2387.79,8060.12,9.3061,0.02,333,2223,100.0,14.54,8.9625
1,43,25.0034,0.6201,60.0,462.54,536.35,1260.54,1054.11,7.05,9.03,175.73,1915.17,8004.27,0.94,36.76,164.4,2027.99,7864.19,10.8846,0.02,307,1915,84.93,14.31,8.5917
1,44,24.9997,0.62,60.0,462.54,537.17,1259.07,1048.29,7.05,9.02,175.71,1915.14,7999.18,0.94,36.85,164.22,2027.98,7866.04,10.8952,0.02,308,1915,84.93,14.22,8.5249
1,45,25.004,0.6214,60.0,462.54,536.76,1263.3,1049.91,7.05,9.02,175.25,1915.18,8010.73,0.94,36.78,164.36,2028.03,7867.4,10.9544,0.02,307,1915,84.93,14.26,8.7476
1,46,41.9984,0.8416,100.0,445.0,549.74,1347.59,1118.99,3.91,5.72,138.18,2211.64,8309.31,1.02,42.28,130.47,2387.61,8066.95,9.3946,0.02,332,2212,100.0,10.43,6.3785
1,47,20.0047,0.7,100.0,491.19,608.32,1485.03,1259.97,9.35,13.66,334.41,2323.96,8715.47,1.08,44.53,315.23,2388.04,8049.47,9.2428,0.02,365,2324,100.0,24.63,14.5702
1,48,24.9989,0.62,60.0,462.54,536.95,1254.99,1042.54,7.05,9.02,174.9,1915.12,7998.69,0.94,36.63,164.52,2028.04,7863.69,10.9232,0.02,307,1915,84.93,14.15,8.5341
1,49,42.0037,0.8419,100.0,445.0,549.08,1357.48,1126.16,3.91,5.72,138.33,2211.69,8309.25,1.02,42.04,130.08,2387.7,8071.62,9.3347,0.02,331,2212,100.0,10.47,6.3771
1,50,41.9989,0.8405,100.0,445.0,549.66,1349.34,1126.83,3.91,5.71,138.47,2211.56,8310.11,1.02,42.14,130.48,2387.69,8067.64,9.3666,0.02,330,2212,100.0,10.49,6.3317
1,51,25.0028,0.6202,60.0,462.54,536.83,1266.63,1055.68,7.05,9.03,176.31,1915.19,8002.72,0.94,36.71,164.5,2028.01,7863.19,10.9012,0.02,306,1915,84.93,14.28,8.6016
1,52,42.0014,0.8403,100.0,445.0,549.46,1345.85,1128.31,3.91,5.71,138.5,2211.62,8308.02,1.02,41.86,130.96,2387.73,8073.08,9.384,0.02,332,2212,100.0,10.57,6.4166
1,53,10.0012,0.2502,100.0,489.05,605.07,1503.54,1312.19,10.52,15.49,394.76,2318.97,8766.81,1.26,45.5,371.81,2388.21,8119.46,8.667,0.03,368,2319,100.0,28.39,17.088
1,54,19.9988,0.7,100.0,491.19,607.82,1481.63,1259.46,9.35,13.65,334.97,2323.94,8714.38,1.08,44.46,314.66,2388.09,8050.42,9.2473,0.02,365,2324,100.0,24.52,14.7624
1,55,20.0007,0.7,100.0,491.19,607.95,1476.74,1254.03,9.35,13.66,334.3,2323.92,8713.67,1.08,44.5,314.94,2388.06,8045.72,9.2432,0.02,366,2324,100.0,24.49,14.7589
1,56,20.0038,0.7015,100.0,491.19,607.75,1488.98,1246.5,9.35,13.66,334.08,2323.94,8705.85,1.08,44.33,315.09,2388.06,8050.14,9.2217,0.02,366,2324,100.0,24.43,14.6111
1,57,42.0022,0.84,100.0,445.0,549.36,1353.76,1122.4,3.91,5.71,138.25,2211.61,8316.89,1.02,42.06,130.57,2387.72,8070.06,9.3665,0.02,333,2212,100.0,10.35,6.2675
1,58,0.0011,0.0,100.0,518.67,642.45,1595.09,1408.44,14.62,21.61,553.19,2388.2,9042.64,1.3,47.49,521.46,2388.13,8124.38,8.4304,0.03,394,2388,100.0,38.86,23.291
1,59,9.9997,0.25,100.0,489.05,604.55,1502.13,1306.9,10.52,15.49,394.03,2318.91,8767.57,1.26,45.37,371.65,2388.16,8110.72,8.6652,0.03,368,2319,100.0,28.53,17.0247
1,60,19.9997,0.7016,100.0,491.19,607.4,1488.52,1254.92,9.35,13.66,333.56,2323.91,8714.55,1.08,44.46,314.6,2388.11,8048.59,9.2013,0.02,365,2324,100.0,24.51,14.7853
1,61,25.0041,0.62,60.0,462.54,536.71,1262.12,1047.37,7.05,9.03,174.76,1915.16,8002.28,0.94,36.88,164.58,2028.01,7866.37,10.907,0.02,309,1915,84.93,14.27,8.5651
1,62,34.9982,0.841,100.0,449.44,555.53,1360.54,1130.97,5.48,8.0,194.2,2222.72,8342.63,1.02,41.98,182.82,2387.8,8054.77,9.3971,0.02,335,2223,100.0,14.79,8.8707
1,63,24.9992,0.62,60.0,462.54,536.5,1261.94,1049.71,7.05,9.03,175.77,1915.22,8000.7,0.94,36.73,164.95,2028.06,7865.28,10.8911,0.02,307,1915,84.93,14.29,8.6163
1,64,10.0067,0.2506,100.0,489.05,605.16,1505.83,1312.38,10.52,15.49,395.09,2318.99,8765.03,1.26,45.39,371.76,2388.15,8118.48,8.662,0.03,369,2319,100.0,28.34,17.122
1,65,35.003,0.8419,100.0,449.44,555.82,1363.95,1131.79,5.48,8.0,193.79,2222.71,8338.75,1.02,41.82,183.34,2387.83,8054.84,9.3716,0.02,333,2223,100.0,14.86,8.9551
1,66,35.007,0.8419,100.0,449.44,555.33,1368.0,1126.84,5.48,8.0,193.77,2222.74,8339.04,1.02,41.85,183.25,2387.84,8055.62,9.3309,0.02,333,2223,100.0,14.83,8.9278
1,67,20.0035,0.7015,100.0,491.19,607.19,1488.78,1252.82,9.35,13.66,334.3,2323.95,8706.16,1.08,44.31,315.13,2388.02,8049.95,9.2748,0.02,364,2324,100.0,24.4,14.686
1,68,10.0061,0.25,100.0,489.05,604.46,1500.01,1312.92,10.52,15.49,394.32,2318.97,8768.44,1.26,45.57,371.6,2388.19,8119.28,8.6553,0.03,368,2319,100.0,28.47,17.0426
1,69,20.0025,0.7001,100.0,491.19,607.66,1479.55,1253.71,9.35,13.66,334.74,2323.93,8712.63,1.08,44.25,314.41,2388.06,8048.54,9.2548,0.02,366,2324,100.0,24.49,14.6875
1,70,10.0051,0.25,100.0,489.05,605.09,1497.45,1309.61,10.52,15.49,394.2,2318.94,8774.0,1.26,45.51,371.33,2388.16,8118.22,8.6361,0.03,371,2319,100.0,28.68,17.0913
1,71,25.0077,0.6201,60.0,462.54,536.25,1257.01,1048.55,7.05,9.02,175.36,1915.14,8000.86,0.94,36.74,164.54,2028.01,7859.5,10.9089,0.02,307,1915,84.93,14.22,8.7064
1,72,10.0007,0.25,100.0,489.05,604.82,1500.6,1314.49,10.52,15.5,394.46,2318.99,8765.25,1.26,45.52,371.77,2388.13,8116.78,8.6587,0.03,371,2319,100.0,28.57,17.0045
1,73,42.0071,0.84,100.0,445.0,550.05,1346.88,1129.33,3.91,5.72,139.02,2211.7,8305.18,1.02,42.04,130.9,2387.67,8076.73,9.3602,0.02,332,2212,100.0,10.73,6.3238
1,74,34.9996,0.84,100.0,449.44,556.0,1364.61,1127.79,5.48,8.0,193.89,2222.76,8339.88,1.02,41.96,182.83,2387.8,8058.15,9.3089,0.02,334,2223,100.0,14.92,8.9684
1,75,25.0076,0.62,60.0,462.54,536.44,1260.34,1054.2,7.05,9.02,175.63,1915.16,8004.69,0.94,36.64,164.69,2028.07,7863.44,10.9096,0.02,308,1915,84.93,14.38,8.5317
1,76,42.0047,0.8419,100.0,445.0,549.68,1356.07,1129.79,3.91,5.71,138.01,2211.67,8313.57,1.02,42.23,130.96,2387.76,8079.84,9.3894,0.02,332,2212,100.0,10.84,6.2527
1,77,20.0052,0.701,100.0,491.19,607.98,1481.71,1255.6,9.35,13.66,334.18,2323.94,8712.7,1.08,44.54,314.18,2388.09,8048.86,9.2126,0.02,365,2324,100.0,24.35,14.7149
1,78,42.0059,0.8403,100.0,445.0,549.45,1356.13,1124.32,3.91,5.71,138.12,2211.66,8314.14,1.02,42.16,130.78,2387.78,8072.77,9.3813,0.02,332,2212,100.0,10.78,6.2444
1,79,42.0006,0.84,100.0,445.0,549.78,1350.95,1118.27,3.91,5.71,138.6,2211.65,8305.4,1.02,42.11,130.33,2387.68,8069.02,9.3566,0.02,331,2212,100.0,10.49,6.2865
1,80,34.9995,0.8419,100.0,449.44,555.41,1374.89,1123.88,5.48,8.0,193.78,2222.73,8347.1,1.02,41.93,182.74,2387.86,8055.67,9.3022,0.02,334,2223,100.0,14.59,8.8761
1,81,42.0048,0.84,100.0,445.0,549.77,1347.55,1122.35,3.91,5.71,138.81,2211.64,8314.27,1.02,42.23,130.21,2387.69,8072.2,9.3837,0.02,331,2212,100.0,10.39,6.344
1,82,10.0006,0.2509,100.0,489.05,604.68,1496.21,1315.22,10.52,15.5,393.97,2318.91,8762.94,1.26,45.42,371.69,2388.17,8118.75,8.6433,0.03,370,2319,100.0,28.52,17.1232
1,83,24.9984,0.6215,60.0,462.54,536.87,1260.5,1045.0,7.05,9.03,175.55,1915.11,7999.06,0.94,36.9,164.32,2028.02,7862.04,10.8864,0.02,308,1915,84.93,14.37,8.5475
1,84,20.0005,0.7,100.0,491.19,607.56,1483.13,1255.58,9.35,13.66,334.61,2323.98,8715.64,1.08,44.55,314.95,2387.99,8053.52,9.2409,0.02,366,2324,100.0,24.48,14.5669
1,85,35.0064,0.8405,100.0,449.44,555.62,1361.74,1123.93,5.48,8.0,194.31,2222.81,8339.52,1.02,42.12,183.21,2387.87,8062.63,9.3374,0.02,333,2223,100.0,14.75,8.9654
1,86,25.0017,0.6217,60.0,462.54,536.35,1257.52,1044.05,7.05,9.03,174.84,1915.19,8001.14,0.94,36.92,164.75,2028.05,7864.72,10.9256,0.02,307,1915,84.93,14.24,8.6281
1,87,41.9994,0.8419,100.0,445.0,549.7,1354.75,1126.13,3.91,5.71,138.56,2211.7,8313.43,1.02,42.19,130.95,2387.76,8071.48,9.373,0.02,331,2212,100.0,10.49,6.3675
1,88,10.0051,0.25,100.0,489.05,604.81,1502.34,1313.57,10.52,15.49,394.36,2318.99,8764.02,1.26,45.58,371.13,2388.17,8124.1,8.6515,0.03,369,2319,100.0,28.53,17.0702
1,89,0.003,0.0,100.0,518.67,642.45,1595.38,1408.94,14.62,21.61,553.72,2388.14,9048.42,1.3,47.64,521.18,2388.11,8126.42,8.4479,0.03,393,2388,100.0,38.85,23.3359
1,90,35.0052,0.84,100.0,449.44,555.49,1352.53,1133.56,5.48,8.0,194.44,2222.74,8343.05,1.02,41.83,182.8,2387.86,8056.47,9.3206,0.02,336,2223,100.0,14.83,8.8882
1,91,42.0078,0.84,100.0,445.0,549.07,1353.96,1132.07,3.91,5.71,138.53,2211.69,8306.69,1.02,42.26,130.29,2387.75,8077.61,9.3657,0.02,328,2212,100.0,10.33,6.3964
1,92,42.0032,0.8417,100.0,445.0,550.0,1344.36,1128.14,3.91,5.72,138.68,2211.69,8312.39,1.02,42.03,130.32,2387.8,8078.08,9.3839,0.02,331,2212,100.0,10.54,6.3432
1,93,0.0011,0.0002,100.0,518.67,642.94,1587.24,1409.85,14.62,21.61,553.02,2388.18,9046.89,1.3,47.59,521.23,2388.14,8130.67,8.4455,0.03,393,2388,100.0,38.79,23.3301
1,94,24.9986,0.6206,60.0,462.54,536.87,1263.13,1047.29,7.05,9.02,175.68,1915.17,7993.29,0.94,36.73,164.12,2028.05,7863.34,10.9107,0.02,308,1915,84.93,14.32,8.5171
1,95,0.0021,0.002,100.0,518.67,642.27,1587.06,1408.12,14.62,21.61,553.3,2388.14,9045.18,1.3,47.6,521.92,2388.18,8126.07,8.4451,0.03,393,2388,100.0,38.74,23.3383
1,96,25.0039,0.6218,60.0,462.54,536.46,1259.6,1045.54,7.05,9.02,175.71,1915.2,8000.72,0.94,36.93,164.25,2028.05,7870.83,10.9204,0.02,307,1915,84.93,14.22,8.6558
1,97,0.0015,0.0,100.0,518.67,642.68,1598.75,1419.03,14.62,21.61,553.66,2388.16,9043.18,1.3,47.61,521.82,2388.17,8124.26,8.444,0.03,393,2388,100.0,38.86,23.2697
1,98,10.0007,0.25,100.0,489.05,605.14,1509.35,1304.29,10.52,15.5,394.04,2319.0,8770.65,1.26,45.53,371.31,2388.21,8119.81,8.6484,0.03,369,2319,100.0,28.49,17.0574
1,99,42.0055,0.84,100.0,445.0,549.32,1350.37,1124.42,3.91,5.72,138.27,2211.75,8319.29,1.02,42.02,130.53,2387.74,8073.19,9.3809,0.02,331,2212,100.0,10.57,6.3302
1,100,0.0017,0.0,100.0,518.67,642.83,1582.85,1410.2,14.62,21.61,553.97,2388.11,9052.68,1.3,47.53,520.98,2388.08,8131.13,8.4763,0.03,394,2388,100.0,38.78,23.2917
1,101,35.001,0.84,100.0,449.44,555.67,1365.85,1138.23,5.48,8.0,194.3,2222.76,8338.45,1.02,41.93,183.02,2387.91,8059.56,9.3247,0.02,334,2223,100.0,14.84,8.9682
1,102,10.0002,0.2516,100.0,489.05,605.16,1500.19,1303.3,10.52,15.49,394.57,2318.93,8773.85,1.26,45.54,371.55,2388.17,8119.65,8.6908,0.03,370,2319,100.0,28.64,17.1652
1,103,0.0027,0.0017,100.0,518.67,642.48,1585.22,1405.23,14.62,21.61,553.42,2388.11,9040.91,1.3,47.71,521.4,2388.11,8127.4,8.4297,0.03,391,2388,100.0,38.91,23.2385
1,104,0.0009,0.0001,100.0,518.67,642.57,1588.29,1412.59,14.62,21.61,553.0,2388.13,9046.44,1.3,47.37,522.22,2388.15,8122.89,8.4286,0.03,392,2388,100.0,38.83,23.3619
1,105,35.0043,0.8406,100.0,449.44,555.9,1361.89,1134.81,5.48,8.0,194.4,2222.79,8342.57,1.02,42.06,182.73,2387.84,8064.75,9.3355,0.02,336,2223,100.0,14.81,8.8494
1,106,0.0025,0.0,100.0,518.67,642.67,1588.51,1413.7,14.62,21.61,552.9,2388.17,9048.17,1.3,47.54,521.4,2388.11,8124.59,8.459,0.03,392,2388,100.0,38.85,23.2676
1,107,24.9997,0.62,60.0,462.54,536.89,1269.72,1047.12,7.05,9.02,175.62,1915.17,8002.08,0.94,36.73,164.4,2028.04,7867.4,10.9236,0.02,308,1915,84.93,14.26,8.5393
1,108,25.0033,0.6204,60.0,462.54,537.3,1264.93,1046.49,7.05,9.03,175.6,1915.2,8003.05,0.94,36.72,164.09,2028.13,7866.51,10.9192,0.02,309,1915,84.93,14.27,8.5453
1,109,42.0076,0.84,100.0,445.0,549.91,1354.71,1126.44,3.91,5.71,138.84,2211.73,8312.21,1.02,42.18,130.66,2387.81,8078.53,9.3696,0.02,330,2212,100.0,10.5,6.2574
1,110,20.0019,0.7018,100.0,491.19,607.79,1489.61,1254.26,9.35,13.66,333.99,2323.96,8719.56,1.08,44.41,314.87,2388.07,8052.82,9.2345,0.02,366,2324,100.0,24.46,14.7795
1,111,41.9983,0.8405,100.0,445.0,549.86,1350.56,1125.36,3.91,5.72,139.22,2211.68,8316.59,1.02,42.2,130.41,2387.74,8075.44,9.3817,0.02,330,2212,100.0,10.57,6.3195
1,112,42.0053,0.84,100.0,445.0,549.63,1352.66,1123.42,3.91,5.71,138.68,2211.63,8313.56,1.02,42.26,129.87,2387.74,8076.2,9.3909,0.02,330,2212,100.0,10.57,6.3409
1,113,20.0024,0.7,100.0,491.19,608.17,1486.9,1256.33,9.35,13.66,334.72,2324.01,8716.74,1.08,44.57,315.1,2388.07,8060.28,9.2477,0.02,365,2324,100.0,24.48,14.7431
1,114,35.0076,0.84,100.0,449.44,556.14,1363.64,1128.58,5.48,8.0,194.26,2222.82,8343.97,1.02,41.94,182.85,2387.89,8056.8,9.3279,0.02,336,2223,100.0,15.06,8.9064
1,115,42.0022,0.84,100.0,445.0,549.7,1350.61,1129.84,3.91,5.71,138.54,2211.73,8313.85,1.02,42.05,130.01,2387.73,8074.55,9.3835,0.02,331,2212,100.0,10.62,6.4321
1,116,25.0034,0.6215,60.0,462.54,536.71,1258.44,1049.78,7.05,9.03,175.32,1915.22,8003.87,0.94,36.76,164.82,2028.11,7869.74,10.8942,0.02,307,1915,84.93,14.4,8.4705
1,117,20.006,0.7007,100.0,491.19,607.03,1490.08,1252.25,9.35,13.66,334.83,2324.0,8730.67,1.08,44.48,314.76,2388.08,8050.2,9.2545,0.02,364,2324,100.0,24.26,14.6416
1,118,35.0063,0.8418,100.0,449.44,555.65,1368.04,1130.5,5.48,8.0,194.17,2222.82,8342.44,1.02,41.97,182.97,2387.94,8058.02,9.3326,0.02,334,2223,100.0,14.67,8.9439
1,119,35.0033,0.8416,100.0,449.44,555.77,1369.93,1133.47,5.48,8.0,194.09,2222.82,8344.23,1.02,41.9,183.36,2387.9,8055.71,9.3151,0.02,333,2223,100.0,14.93,8.8211
1,120,35.0031,0.8406,100.0,449.44,555.68,1371.91,1125.7,5.48,8.0,194.59,2222.8,8337.03,1.02,41.92,183.31,2387.9,8058.29,9.3388,0.02,333,2223,100.0,14.72,8.9095
1,121,35.0043,0.8414,100.0,449.44,556.3,1364.21,1129.81,5.48,8.0,194.01,2222.77,8337.43,1.02,41.89,183.45,2387.91,8056.23,9.3587,0.02,335,2223,100.0,14.85,8.8795
1,122,35.0014,0.84,100.0,449.44,555.67,1367.25,1129.68,5.48,8.0,194.05,2222.84,8337.76,1.02,42.13,183.26,2387.98,8058.49,9.3867,0.02,336,2223,100.0,14.73,8.818
1,123,10.0028,0.2508,100.0,489.05,605.4,1497.56,1313.81,10.52,15.5,394.76,2318.95,8770.28,1.26,45.49,371.66,2388.19,8119.29,8.7034,0.03,370,2319,100.0,28.6,17.126
1,124,25.0016,0.62,60.0,462.54,536.68,1253.33,1053.57,7.05,9.03,175.08,1915.23,8004.72,0.94,37.09,164.78,2028.11,7864.64,10.8926,0.02,307,1915,84.93,14.45,8.4992
1,125,19.9981,0.7004,100.0,491.19,607.25,1484.06,1253.06,9.35,13.66,334.19,2324.01,8728.46,1.08,44.45,314.92,2388.1,8054.81,9.2249,0.02,365,2324,100.0,24.67,14.7861
1,126,25.0044,0.62,60.0,462.54,537.19,1266.61,1052.87,7.05,9.03,175.47,1915.21,8007.56,0.94,36.91,164.46,2028.1,7865.87,10.9399,0.02,306,1915,84.93,14.3,8.5612
1,127,35.0068,0.8418,100.0,449.44,556.09,1360.66,1131.7,5.48,8.0,194.16,2222.82,8342.34,1.02,41.86,182.98,2387.9,8058.19,9.3612,0.02,336,2223,100.0,14.76,8.941
1,128,35.0049,0.8401,100.0,449.44,555.88,1364.89,1130.87,5.48,8.0,194.71,2222.82,8349.74,1.02,41.89,182.54,2387.89,8054.9,9.3137,0.02,332,2223,100.0,14.75,8.8642
1,129,10.0016,0.2511,100.0,489.05,604.89,1502.67,1323.18,10.52,15.49,394.04,2318.9,8774.05,1.26,45.71,371.04,2388.16,8124.11,8.6323,0.03,369,2319,100.0,28.55,17.1589
1,130,20.0039,0.7,100.0,491.19,607.94,1480.6,1251.85,9.35,13.66,334.66,2324.01,8713.31,1.08,44.27,314.89,2388.13,8056.35,9.2246,0.02,367,2324,100.0,24.65,14.6886
1,131,42.0022,0.8416,100.0,445.0,550.16,1354.83,1119.51,3.91,5.72,138.83,2211.74,8316.4,1.02,42.1,130.39,2387.8,8081.39,9.4217,0.02,330,2212,100.0,10.68,6.3767
1,132,0.0006,0.0,100.0,518.67,643.11,1596.47,1411.62,14.62,21.61,553.88,2388.13,9049.29,1.3,47.44,521.65,2388.08,8133.13,8.4604,0.03,394,2388,100.0,38.77,23.2747
1,133,10.0061,0.25,100.0,489.05,605.29,1500.22,1315.76,10.52,15.49,393.78,2319.0,8777.91,1.26,45.68,371.35,2388.13,8121.85,8.6777,0.03,369,2319,100.0,28.61,17.0952
1,134,20.007,0.7009,100.0,491.19,607.32,1484.4,1259.12,9.35,13.66,333.86,2324.0,8713.9,1.08,44.37,315.51,2388.11,8054.28,9.2376,0.02,366,2324,100.0,24.47,14.7377
1,135,0.0015,0.0003,100.0,518.67,642.31,1588.4,1407.56,14.62,21.61,552.72,2388.12,9044.82,1.3,47.47,521.86,2388.14,8128.55,8.4192,0.03,392,2388,100.0,38.68,23.285
1,136,20.007,0.7017,100.0,491.19,607.41,1484.67,1246.94,9.35,13.66,334.45,2323.94,8720.6,1.07,44.64,314.45,2388.1,8052.78,9.231,0.02,365,2324,100.0,24.42,14.6456
1,137,20.0017,0.7015,100.0,491.19,607.91,1490.77,1255.59,9.35,13.66,334.04,2323.98,8719.52,1.08,44.37,314.75,2388.06,8061.28,9.2589,0.03,367,2324,100.0,24.48,14.6531
1,138,35.0011,0.8412,100.0,449.44,555.81,1364.17,1142.14,5.48,8.0,194.43,2222.78,8349.74,1.02,41.91,183.0,2387.97,8058.31,9.3577,0.02,334,2223,100.0,14.79,8.7515
1,139,35.0069,0.84,100.0,449.44,555.14,1367.25,1134.13,5.48,8.0,193.74,2222.81,8350.09,1.02,42.01,182.37,2387.98,8063.45,9.3431,0.02,335,2223,100.0,14.77,8.8503
1,140,42.0027,0.8409,100.0,445.0,549.58,1354.26,1130.53,3.91,5.71,138.03,2211.79,8314.84,1.02,42.04,130.54,2387.77,8076.87,9.393,0.02,332,2212,100.0,10.55,6.3421
1,141,0.0007,0.0,100.0,518.67,642.87,1586.09,1405.93,14.62,21.61,554.21,2388.17,9049.09,1.3,47.76,521.22,2388.07,8129.2,8.4477,0.03,392,2388,100.0,38.9,23.4068
1,142,35.0046,0.84,100.0,449.44,555.88,1365.9,1137.55,5.48,8.0,194.17,2222.89,8351.19,1.02,41.94,183.02,2387.98,8061.13,9.3358,0.02,335,2223,100.0,14.71,8.8456
1,143,0.0006,0.0,100.0,518.67,643.49,1588.33,1412.72,14.62,21.61,553.17,2388.1,9045.5,1.3,47.61,521.16,2388.12,8129.86,8.467,0.03,393,2388,100.0,38.89,23.3085
1,144,10.0041,0.2505,100.0,489.05,604.55,1506.17,1305.81,10.52,15.49,394.21,2319.02,8767.27,1.26,45.62,371.8,2388.17,8128.12,8.6958,0.03,369,2319,100.0,28.55,16.9522
1,145,35.0049,0.8407,100.0,449.44,556.16,1367.1,1133.69,5.48,8.0,194.21,2222.91,8347.34,1.02,41.93,183.15,2387.93,8056.82,9.3719,0.02,334,2223,100.0,14.71,8.9388
1,146,25.0023,0.62,60.0,462.54,536.75,1265.09,1052.23,7.05,9.03,175.04,1915.23,8001.75,0.94,36.78,164.93,2028.13,7875.81,10.918,0.02,308,1915,84.93,14.24,8.5591
1,147,25.0058,0.62,60.0,462.54,536.87,1269.83,1051.36,7.05,9.03,174.83,1915.27,8007.91,0.94,36.77,165.05,2028.13,7869.03,10.9284,0.02,308,1915,84.93,14.18,8.6
1,148,25.0042,0.62,60.0,462.54,537.21,1260.97,1062.23,7.05,9.03,174.81,1915.25,8008.38,0.94,36.73,164.41,2028.09,7868.64,10.9028,0.02,308,1915,84.93,14.16,8.5168
1,149,25.0008,0.62,60.0,462.54,537.24,1269.31,1054.14,7.05,9.03,175.07,1915.26,8008.11,0.94,36.94,164.38,2028.15,7872.06,10.8958,0.02,308,1915,84.93,14.2,8.5326
1,150,9.9988,0.25,100.0,489.05,605.75,1496.86,1315.37,10.52,15.5,393.18,2319.01,8784.71,1.26,45.5,371.42,2388.2,8121.13,8.6809,0.03,371,2319,100.0,28.47,17.0826
1,151,20.0001,0.7,100.0,491.19,607.73,1479.06,1255.42,9.35,13.66,334.77,2324.02,8722.94,1.08,44.5,315.1,2388.1,8060.31,9.237,0.02,366,2324,100.0,24.51,14.6107
1,152,0.0013,0.0,100.0,518.67,642.74,1591.58,1413.33,14.62,21.61,553.75,2388.13,9054.82,1.3,47.58,521.41,2388.13,8131.77,8.467,0.03,392,2388,100.0,38.65,23.2423
1,153,10.0076,0.25,100.0,489.05,604.51,1502.83,1309.23,10.52,15.5,394.34,2318.99,8778.83,1.26,45.55,371.32,2388.19,8123.16,8.6073,0.03,370,2319,100.0,28.46,17.0581
1,154,42.0016,0.84,100.0,445.0,549.66,1356.2,1132.13,3.91,5.72,138.69,2211.83,8316.47,1.02,42.26,129.88,2387.82,8080.38,9.4425,0.02,332,2212,100.0,10.7,6.3459
1,155,42.0071,0.8403,100.0,445.0,550.25,1354.26,1121.64,3.91,5.72,138.39,2211.76,8316.3,1.02,42.18,130.73,2387.9,8074.95,9.3772,0.02,332,2212,100.0,10.71,6.2965
1,156,10.0014,0.25,100.0,489.05,604.72,1498.06,1310.87,10.52,15.49,393.0,2318.99,8773.59,1.26,45.63,371.0,2388.2,8126.23,8.6415,0.03,370,2319,100.0,28.7,17.0754
1,157,0.0011,0.0005,100.0,518.67,642.46,1595.15,1413.33,14.62,21.61,552.55,2388.13,9054.05,1.3,47.67,520.48,2388.16,8131.52,8.4546,0.03,394,2388,100.0,38.69,23.2858
1,158,19.9988,0.7,100.0,491.19,607.39,1486.96,1256.5,9.35,13.65,335.18,2323.99,8726.99,1.08,44.49,315.22,2388.09,8058.71,9.2349,0.03,365,2324,100.0,24.44,14.7472
1,159,35.0045,0.8415,100.0,449.44,555.42,1365.88,1133.68,5.48,8.0,194.77,2222.9,8357.31,1.02,42.11,182.81,2388.06,8065.55,9.3396,0.02,334,2223,100.0,14.77,8.8428
1,160,20.0025,0.7,100.0,491.19,607.74,1487.23,1259.88,9.35,13.66,334.65,2323.95,8725.6,1.08,44.73,314.75,2388.17,8056.17,9.218,0.03,368,2324,100.0,24.29,14.588
1,161,24.999,0.62,60.0,462.54,536.72,1264.14,1051.88,7.05,9.03,175.5,1915.36,8009.22,0.94,36.75,164.3,2028.26,7880.7,10.925,0.02,307,1915,84.93,14.13,8.5472
1,162,0.0007,0.0004,100.0,518.67,643.33,1598.45,1417.49,14.62,21.61,553.03,2388.15,9057.45,1.3,47.6,520.55,2388.1,8133.52,8.4498,0.03,394,2388,100.0,38.81,23.2341
1,163,0.0014,0.0,100.0,518.67,642.96,1593.17,1410.48,14.62,21.61,551.81,2388.1,9049.91,1.3,47.6,520.81,2388.16,8131.38,8.4761,0.03,393,2388,100.0,38.67,23.1995
1,164,0.0009,0.0,100.0,518.67,642.44,1594.88,1418.63,14.62,21.61,552.82,2388.16,9065.59,1.3,47.75,521.21,2388.2,8137.92,8.4518,0.03,392,2388,100.0,38.65,23.2099
1,165,42.0039,0.84,100.0,445.0,549.81,1362.74,1128.28,3.91,5.71,137.94,2211.79,8322.58,1.02,42.23,130.49,2387.93,8081.24,9.3864,0.02,331,2212,100.0,10.55,6.4058
1,166,0.002,0.0017,100.0,518.67,643.03,1588.45,1410.41,14.62,21.61,553.25,2388.17,9053.77,1.3,47.66,520.82,2388.14,8135.72,8.4587,0.03,393,2388,100.0,38.87,23.1734
1,167,41.9993,0.84,100.0,445.0,549.9,1357.62,1132.86,3.91,5.72,138.99,2211.83,8319.28,1.02,42.22,130.46,2387.89,8082.53,9.4117,0.02,332,2212,100.0,10.57,6.4394
1,168,10.0032,0.252,100.0,489.05,604.97,1495.86,1311.3,10.52,15.49,394.55,2319.03,8783.43,1.26,45.5,371.45,2388.15,8131.19,8.6576,0.03,370,2319,100.0,28.51,17.1691
1,169,25.0021,0.62,60.0,462.54,536.92,1259.38,1048.63,7.05,9.03,175.17,1915.28,8008.14,0.94,36.82,163.81,2028.22,7878.31,10.9327,0.02,307,1915,84.93,14.28,8.59
1,170,42.0057,0.8406,100.0,445.0,549.97,1353.51,1122.07,3.91,5.72,138.99,2211.83,8315.87,1.02,42.18,130.66,2387.91,8080.4,9.3979,0.02,332,2212,100.0,10.33,6.3179
1,171,10.0072,0.25,100.0,489.05,605.07,1501.91,1308.61,10.52,15.49,393.95,2319.02,8781.95,1.26,45.68,371.67,2388.19,8131.94,8.6606,0.03,371,2319,100.0,28.56,17.1364
1,172,42.0023,0.84,100.0,445.0,549.51,1357.04,1123.22,3.91,5.71,138.62,2211.85,8321.12,1.02,42.11,130.8,2387.99,8080.91,9.3989,0.02,331,2212,100.0,10.71,6.334
1,173,25.0064,0.6212,60.0,462.54,536.52,1262.86,1052.93,7.05,9.02,175.41,1915.33,8004.55,0.94,36.77,164.41,2028.24,7878.07,10.9301,0.02,307,1915,84.93,14.4,8.6102
1,174,0.0005,0.0,100.0,518.67,642.57,1599.15,1417.48,14.62,21.61,553.12,2388.12,9069.86,1.3,47.66,521.35,2388.13,8138.43,8.4429,0.03,393,2388,100.0,38.84,23.3356
1,175,34.9989,0.84,100.0,449.44,555.76,1375.39,1128.92,5.48,8.0,193.95,2222.98,8353.4,1.02,42.06,182.83,2388.06,8072.24,9.3364,0.02,333,2223,100.0,14.66,8.7691
1,176,41.9998,0.8405,100.0,445.0,549.34,1354.06,1131.78,3.91,5.72,139.21,2211.94,8322.53,1.02,42.17,130.7,2387.99,8088.08,9.3847,0.02,332,2212,100.0,10.72,6.2732
1,177,19.9998,0.7,100.0,491.19,607.39,1488.75,1252.73,9.35,13.66,333.56,2323.98,8733.6,1.08,44.59,315.04,2388.13,8058.97,9.2584,0.02,365,2324,100.0,24.4,14.6616
1,178,42.0038,0.84,100.0,445.0,549.4,1352.32,1129.31,3.91,5.72,138.27,2211.87,8321.25,1.02,42.19,130.73,2387.96,8086.48,9.4024,0.02,333,2212,100.0,10.44,6.3507
1,179,35.001,0.8403,100.0,449.44,556.02,1358.09,1132.06,5.48,8.0,194.37,2222.92,8355.51,1.02,42.12,182.84,2388.04,8068.51,9.3339,0.02,335,2223,100.0,14.72,8.824
1,180,0.0007,0.0,100.0,518.67,642.89,1591.91,1408.11,14.62,21.61,553.43,2388.16,9064.52,1.3,47.68,520.73,2388.13,8140.21,8.3979,0.03,393,2388,100.0,38.84,23.2859
1,181,42.0065,0.8403,100.0,445.0,549.81,1357.99,1126.55,3.91,5.71,137.75,2211.88,8325.4,1.02,42.32,130.56,2387.95,8086.94,9.3735,0.02,331,2212,100.0,10.51,6.4331
1,182,41.9992,0.84,100.0,445.0,549.8,1358.84,1128.18,3.91,5.71,138.16,2211.87,8323.93,1.02,42.27,130.87,2388.01,8085.14,9.4347,0.02,332,2212,100.0,10.45,6.4095
1,183,20.0005,0.7005,100.0,491.19,608.15,1488.52,1256.58,9.35,13.66,334.06,2324.01,8720.39,1.07,44.45,314.58,2388.2,8064.34,9.2531,0.02,367,2324,100.0,24.27,14.7055
1,184,0.0004,0.0003,100.0,518.67,642.74,1586.32,1409.06,14.62,21.61,552.54,2388.14,9063.86,1.3,47.54,520.8,2388.11,8133.36,8.4582,0.03,394,2388,100.0,38.77,23.2587
1,185,0.0015,0.0,100.0,518.67,643.35,1586.97,1410.82,14.62,21.61,552.81,2388.15,9055.03,1.3,47.49,521.22,2388.12,8134.02,8.4648,0.03,396,2388,100.0,38.89,23.2068
1,186,42.0057,0.84,100.0,445.0,549.91,1355.18,1129.9,3.91,5.72,138.71,2211.95,8336.85,1.02,42.32,130.75,2388.0,8088.14,9.3744,0.02,331,2212,100.0,10.66,6.3808
1,187,20.0004,0.7,100.0,491.19,607.78,1482.3,1255.85,9.35,13.66,334.79,2324.01,8735.19,1.07,44.55,314.99,2388.19,8061.39,9.262,0.02,365,2324,100.0,24.44,14.6369
1,188,0.0016,0.0014,100.0,518.67,643.28,1589.89,1410.58,14.62,21.61,553.17,2388.16,9056.51,1.3,47.59,520.59,2388.15,8135.96,8.4634,0.03,393,2388,100.0,38.78,23.2284
1,189,42.0007,0.8404,100.0,445.0,549.71,1357.63,1124.09,3.91,5.72,138.34,2211.92,8325.15,1.02,42.2,130.32,2387.99,8090.46,9.3997,0.02,331,2212,100.0,10.73,6.2838
1,190,34.9996,0.84,100.0,449.44,556.05,1368.12,1144.92,5.48,8.0,194.71,2223.02,8354.22,1.02,41.98,182.63,2388.08,8071.41,9.3649,0.02,334,2223,100.0,14.95,8.9154
1,191,41.9991,0.8401,100.0,445.0,549.35,1358.44,1132.37,3.91,5.71,138.37,2211.93,8324.88,1.02,42.3,130.73,2388.06,8085.8,9.3889,0.02,330,2212,100.0,10.4,6.2535
1,192,20.0078,0.7,100.0,491.19,607.93,1482.41,1254.29,9.35,13.66,334.06,2324.06,8725.42,1.08,44.6,314.36,2388.14,8071.56,9.2486,0.02,364,2324,100.0,24.41,14.6679
1,193,0.0006,0.0,100.0,518.67,643.36,1595.03,1412.12,14.62,21.61,552.82,2388.1,9076.94,1.3,47.56,521.0,2388.15,8140.85,8.4582,0.03,393,2388,100.0,38.83,23.2313
1,194,35.0046,0.84,100.0,449.44,556.23,1365.81,1135.59,5.48,8.0,193.87,2223.06,8358.34,1.02,42.22,182.36,2388.21,8075.41,9.3334,0.02,335,2223,100.0,14.8,8.8837
1,195,41.9993,0.8414,100.0,445.0,549.78,1352.73,1130.91,3.91,5.72,138.22,2211.97,8328.99,1.02,42.35,130.15,2388.11,8088.13,9.4078,0.02,333,2212,100.0,10.58,6.4242
1,196,0.0012,0.0,100.0,518.67,643.65,1597.52,1415.41,14.62,21.61,552.04,2388.16,9057.66,1.3,47.61,521.23,2388.18,8143.4,8.4654,0.03,395,2388,100.0,38.71,23.2945
1,197,20.0022,0.7001,100.0,491.19,607.99,1486.82,1251.21,9.35,13.66,334.28,2324.07,8731.56,1.08,44.78,315.01,2388.19,8067.33,9.2894,0.03,366,2324,100.0,24.52,14.6387
1,198,20.0025,0.7012,100.0,491.19,608.15,1487.36,1255.07,9.35,13.66,333.93,2324.05,8730.26,1.07,44.54,315.08,2388.2,8067.5,9.247,0.02,366,2324,100.0,24.44,14.6944
1,199,0.0027,0.0,100.0,518.67,643.05,1587.0,1413.54,14.62,21.61,553.14,2388.14,9068.77,1.3,47.84,521.14,2388.12,8147.46,8.467,0.03,393,2388,100.0,38.67,23.261
1,200,25.001,0.62,60.0,462.54,537.51,1263.35,1056.53,7.05,9.03,175.12,1915.42,8017.45,0.94,36.75,164.3,2028.34,7881.72,10.956,0.02,310,1915,84.93,14.21,8.6359
1,201,25.003,0.62,60.0,462.54,537.09,1271.66,1058.43,7.05,9.03,174.99,1915.44,8016.05,0.94,36.96,164.74,2028.41,7881.6,10.9709,0.02,307,1915,84.93,14.22,8.3932
1,202,34.9996,0.8417,100.0,449.44,555.63,1367.72,1131.02,5.48,8.0,194.92,2223.07,8359.09,1.02,42.04,182.08,2388.18,8074.56,9.3437,0.02,336,2223,100.0,14.66,9.0047
1,203,41.9996,0.8411,100.0,445.0,549.58,1351.91,1134.39,3.91,5.72,138.87,2212.0,8330.25,1.02,42.22,130.55,2388.08,8091.18,9.3925,0.02,332,2212,100.0,10.51,6.283
1,204,9.9997,0.2506,100.0,489.05,605.4,1500.49,1316.69,10.52,15.5,393.24,2319.05,8795.02,1.26,45.52,371.27,2388.23,8138.11,8.6659,0.03,369,2319,100.0,28.31,17.0614
1,205,20.0017,0.7,100.0,491.19,608.43,1484.96,1264.21,9.35,13.66,334.21,2324.07,8732.49,1.07,44.79,314.49,2388.22,8067.7,9.2455,0.03,367,2324,100.0,24.58,14.6407
1,206,42.004,0.84,100.0,445.0,549.83,1358.88,1130.75,3.91,5.72,138.46,2212.08,8338.82,1.02,42.33,130.95,2388.21,8096.48,9.3893,0.02,333,2212,100.0,10.54,6.3403
1,207,20.0037,0.7014,100.0,491.19,607.83,1488.91,1253.0,9.35,13.66,334.74,2324.1,8736.41,1.08,44.68,314.72,2388.23,8070.48,9.2987,0.02,367,2324,100.0,24.21,14.6346
1,208,0.0006,0.0018,100.0,518.67,642.73,1592.51,1417.1,14.62,21.61,553.13,2388.15,9069.94,1.3,47.78,521.01,2388.09,8144.6,8.4795,0.03,393,2388,100.0,38.69,23.1107
1,209,24.9987,0.62,60.0,462.54,536.97,1259.86,1056.5,7.05,9.03,175.36,1915.48,8014.3,0.94,36.98,165.05,2028.34,7881.39,10.9204,0.02,308,1915,84.93,14.27,8.4914
1,210,0.0029,0.0006,100.0,518.67,643.25,1587.92,1413.57,14.62,21.61,553.17,2388.12,9072.96,1.3,47.69,519.79,2388.11,8143.52,8.4548,0.03,394,2388,100.0,38.76,23.1601
1,211,0.0028,0.0004,100.0,518.67,643.36,1590.7,1410.35,14.62,21.61,552.41,2388.1,9073.86,1.3,47.92,520.51,2388.18,8141.88,8.4324,0.03,395,2388,100.0,38.61,23.2029
1,212,20.0035,0.7,100.0,491.19,607.68,1489.66,1258.08,9.35,13.66,333.57,2324.07,8736.06,1.08,44.74,313.92,2388.25,8079.68,9.254,0.03,366,2324,100.0,24.29,14.6781
1,213,35.0054,0.84,100.0,449.44,556.07,1375.99,1136.77,5.48,8.0,195.15,2223.19,8366.35,1.02,42.21,183.02,2388.28,8082.07,9.355,0.02,335,2223,100.0,14.6,8.7973
1,214,42.0069,0.84,100.0,445.0,550.29,1355.37,1137.42,3.91,5.72,138.85,2212.13,8341.59,1.02,42.33,130.81,2388.25,8094.78,9.4131,0.02,332,2212,100.0,10.66,6.284
1,215,0.0024,0.0007,100.0,518.67,642.62,1597.75,1413.8,14.62,21.61,552.61,2388.11,9072.92,1.3,47.79,520.08,2388.08,8150.27,8.485,0.03,394,2388,100.0,38.77,23.1881
1,216,19.9993,0.7,100.0,491.19,608.29,1486.91,1265.99,9.35,13.66,334.51,2324.12,8743.79,1.08,44.66,314.7,2388.2,8071.74,9.2741,0.02,366,2324,100.0,24.45,14.5255
1,217,10.006,0.2502,100.0,489.05,605.16,1499.74,1318.12,10.52,15.5,394.58,2319.02,8800.27,1.26,45.57,371.19,2388.18,8142.33,8.7161,0.03,372,2319,100.0,28.44,17.1179
1,218,35.0009,0.84,100.0,449.44,556.53,1372.08,1136.04,5.48,8.0,194.28,2223.2,8370.29,1.02,42.16,182.62,2388.31,8079.17,9.4005,0.02,336,2223,100.0,14.94,8.879
1,219,0.0002,0.0001,100.0,518.67,643.22,1598.9,1413.12,14.62,21.61,553.42,2388.12,9072.53,1.3,47.56,520.86,2388.14,8152.79,8.4847,0.03,395,2388,100.0,38.66,23.2133
1,220,42.0025,0.84,100.0,445.0,550.16,1355.71,1127.64,3.91,5.72,138.49,2212.21,8339.89,1.02,42.41,130.29,2388.29,8101.35,9.3964,0.02,333,2212,100.0,10.44,6.4009
1,221,10.0033,0.2507,100.0,489.05,605.29,1500.23,1320.24,10.52,15.5,393.85,2319.02,8795.4,1.26,45.74,370.91,2388.27,8146.89,8.6966,0.03,372,2319,100.0,28.45,16.9692
1,222,25.0019,0.62,60.0,462.54,537.0,1273.01,1057.07,7.05,9.03,175.95,1915.56,8026.99,0.94,36.93,164.84,2028.47,7893.25,10.944,0.02,307,1915,84.93,14.38,8.486
1,223,42.0074,0.84,100.0,445.0,550.36,1361.39,1133.07,3.91,5.72,138.48,2212.23,8342.62,1.02,42.51,130.87,2388.31,8104.5,9.3951,0.02,333,2212,100.0,10.65,6.2739
1,224,25.001,0.6203,60.0,462.54,537.2,1268.66,1052.57,7.05,9.03,175.53,1915.65,8034.18,0.94,37.01,164.25,2028.55,7891.11,10.9991,0.02,308,1915,84.93,14.12,8.5159
1,225,10.0061,0.25,100.0,489.05,605.88,1510.12,1315.35,10.52,15.5,393.98,2319.07,8803.65,1.26,45.61,370.86,2388.24,8147.7,8.7082,0.03,371,2319,100.0,28.45,17.1061
1,226,35.0068,0.84,100.0,449.44,556.46,1369.79,1142.08,5.48,8.0,194.14,2223.3,8378.84,1.02,42.16,182.69,2388.39,8083.26,9.3675,0.02,333,2223,100.0,14.87,8.7041
1,227,19.9992,0.7,100.0,491.19,607.67,1487.01,1268.75,9.35,13.66,334.06,2324.21,8744.04,1.07,44.62,314.65,2388.28,8075.18,9.2376,0.03,367,2324,100.0,24.38,14.6362
1,228,42.0028,0.8405,100.0,445.0,549.66,1364.24,1137.2,3.91,5.72,138.45,2212.2,8350.6,1.02,42.42,130.19,2388.27,8108.1,9.4053,0.02,334,2212,100.0,10.44,6.2593
1,229,42.0001,0.84,100.0,445.0,549.65,1362.28,1133.6,3.91,5.72,138.72,2212.22,8339.42,1.02,42.44,130.31,2388.3,8096.26,9.3898,0.02,334,2212,100.0,10.6,6.3928
1,230,41.9982,0.8402,100.0,445.0,549.99,1362.86,1133.93,3.91,5.72,138.26,2212.24,8347.84,1.02,42.4,130.3,2388.34,8105.0,9.4254,0.02,332,2212,100.0,10.51,6.3695
1,231,42.0056,0.8401,100.0,445.0,549.97,1359.21,1142.27,3.91,5.71,137.93,2212.23,8344.85,1.02,42.53,130.08,2388.31,8109.07,9.3725,0.02,332,2212,100.0,10.59,6.2394
1,232,35.0034,0.84,100.0,449.44,556.59,1375.01,1147.15,5.48,8.0,193.85,2223.29,8373.97,1.02,42.29,182.92,2388.47,8091.3,9.3802,0.02,335,2223,100.0,14.69,8.8451
1,233,10.0056,0.2511,100.0,489.05,605.13,1512.65,1315.0,10.52,15.5,394.2,2319.0,8799.07,1.26,45.85,370.58,2388.25,8150.3,8.709,0.03,371,2319,100.0,28.44,17.0263
1,234,10.003,0.25,100.0,489.05,605.12,1506.52,1316.76,10.52,15.5,393.04,2319.03,8808.81,1.26,45.57,371.0,2388.24,8149.71,8.7072,0.03,372,2319,100.0,28.26,16.9765
1,235,25.006,0.6217,60.0,462.54,536.86,1267.86,1061.38,7.05,9.03,175.15,1915.71,8024.86,0.94,37.03,164.61,2028.61,7887.54,10.9922,0.02,309,1915,84.93,14.34,8.5486
1,236,42.0072,0.84,100.0,445.0,550.52,1362.29,1136.24,3.91,5.72,138.59,2212.23,8351.56,1.02,42.41,130.09,2388.4,8106.64,9.3887,0.02,331,2212,100.0,10.33,6.1964
1,237,9.9994,0.2509,100.0,489.05,605.83,1505.02,1318.86,10.52,15.5,393.31,2319.03,8819.0,1.26,45.82,370.49,2388.26,8152.52,8.7177,0.03,373,2319,100.0,28.4,17.04
1,238,20.0026,0.7,100.0,491.19,608.22,1493.41,1263.21,9.35,13.66,334.31,2324.18,8757.25,1.08,44.71,314.62,2388.28,8083.05,9.329,0.03,367,2324,100.0,24.42,14.719
1,239,20.0067,0.7006,100.0,491.19,608.21,1488.07,1262.76,9.35,13.66,334.15,2324.24,8760.6,1.07,44.8,314.39,2388.36,8084.79,9.2763,0.03,367,2324,100.0,24.39,14.6807
1,240,41.9992,0.84,100.0,445.0,549.9,1359.25,1135.32,3.91,5.72,137.87,2212.38,8355.28,1.02,42.34,130.84,2388.44,8115.22,9.4513,0.02,332,2212,100.0,10.52,6.3061
1,241,35.0022,0.8405,100.0,449.44,556.2,1374.06,1136.23,5.48,8.0,194.45,2223.43,8379.01,1.02,42.36,182.83,2388.55,8091.87,9.3705,0.02,335,2223,100.0,14.89,9.0098
1,242,25.0043,0.6215,60.0,462.54,537.45,1272.2,1059.25,7.05,9.03,174.79,1915.8,8039.34,0.94,36.91,164.41,2028.71,7897.82,10.9589,0.02,307,1915,84.93,14.2,8.6045
1,243,20.0011,0.7,100.0,491.19,608.03,1490.85,1260.17,9.35,13.66,333.89,2324.22,8755.71,1.08,44.56,314.11,2388.43,8083.52,9.2988,0.03,367,2324,100.0,24.49,14.5998
1,244,0.0005,0.0001,100.0,518.67,643.29,1598.83,1417.38,14.62,21.61,552.97,2388.14,9085.67,1.3,47.87,520.39,2388.17,8162.74,8.5185,0.03,396,2388,100.0,38.75,23.2171
1,245,42.0032,0.84,100.0,445.0,549.88,1366.59,1133.72,3.91,5.72,137.82,2212.46,8360.37,1.02,42.5,130.64,2388.51,8116.63,9.3901,0.02,334,2212,100.0,10.46,6.3507
1,246,0.0009,0.0007,100.0,518.67,643.21,1593.07,1417.56,14.62,21.61,552.03,2388.19,9093.66,1.3,47.9,520.64,2388.18,8170.8,8.4743,0.03,395,2388,100.0,38.55,23.1094
1,247,24.9993,0.62,60.0,462.54,536.97,1268.19,1064.95,7.05,9.03,175.94,1915.9,8044.63,0.94,37.14,163.82,2028.81,7904.06,11.0168,0.02,308,1915,84.93,14.25,8.5275
1,248,0.0008,0.0,100.0,518.67,643.37,1599.23,1420.32,14.62,21.61,551.54,2388.12,9098.85,1.3,47.76,520.33,2388.15,8163.75,8.4762,0.03,395,2388,100.0,38.67,23.2386
1,249,0.0009,0.0,100.0,518.67,643.32,1597.65,1416.12,14.62,21.61,551.98,2388.17,9098.56,1.3,48.0,520.48,2388.1,8165.74,8.4888,0.03,395,2388,100.0,38.77,23.1311
1,250,34.9981,0.84,100.0,449.44,556.55,1378.5,1136.32,5.48,8.01,193.98,2223.57,8382.83,1.02,42.45,183.36,2388.64,8099.69,9.3876,0.02,336,2223,100.0,14.61,8.7906
1,251,0.0024,0.0006,100.0,518.67,643.58,1597.01,1423.25,14.62,21.61,552.12,2388.2,9107.29,1.3,47.89,520.42,2388.17,8165.94,8.5137,0.03,395,2388,100.0,38.68,23.1039
1,252,20.0034,0.7013,100.0,491.19,608.54,1489.37,1265.38,9.35,13.66,334.58,2324.3,8768.09,1.07,44.8,313.82,2388.44,8094.76,9.2801,0.03,367,2324,100.0,24.26,14.6009
1,253,35.0007,0.84,100.0,449.44,556.36,1374.66,1137.39,5.48,8.0,194.09,2223.61,8393.24,1.02,42.34,182.89,2388.77,8106.43,9.3794,0.02,335,2223,100.0,14.86,8.8367
1,254,42.0012,0.8413,100.0,445.0,550.08,1361.69,1144.96,3.91,5.72,138.65,2212.53,8367.44,1.02,42.53,131.03,2388.72,8123.94,9.4124,0.02,334,2212,100.0,10.47,6.3719
1,255,19.9995,0.7011,100.0,491.19,607.78,1494.91,1263.75,9.35,13.66,334.91,2324.34,8776.02,1.07,45.08,314.06,2388.5,8102.15,9.2726,0.03,368,2324,100.0,24.38,14.5958
1,256,25.0054,0.62,60.0,462.54,537.52,1263.1,1053.32,7.05,9.03,175.2,1915.98,8043.75,0.94,37.12,164.29,2028.89,7907.38,10.9821,0.02,310,1915,84.93,14.24,8.5564
1,257,42.0048,0.84,100.0,445.0,550.26,1355.02,1134.95,3.91,5.72,138.48,2212.58,8370.18,1.02,42.52,130.4,2388.65,8124.78,9.404,0.02,333,2212,100.0,10.36,6.2911
1,258,10.0076,0.2501,100.0,489.05,605.42,1515.0,1325.07,10.52,15.5,393.58,2319.11,8826.49,1.26,45.89,370.87,2388.32,8167.06,8.7456,0.03,371,2319,100.0,28.3,17.0934
2,1,42.0079,0.8408,100.0,445.0,549.22,1351.77,1128.29,3.91,5.72,138.41,2211.9,8316.16,1.02,42.13,130.45,2387.95,8085.19,9.3918,0.02,329,2212,100.0,10.74,6.3394
2,2,35.0021,0.841,100.0,449.44,554.99,1366.4,1127.43,5.48,8.0,194.84,2222.94,8349.71,1.02,42.06,182.38,2388.05,8064.78,9.3363,0.02,334,2223,100.0,14.91,8.9154
2,3,34.9996,0.84,100.0,449.44,555.66,1362.79,1127.71,5.48,8.0,194.19,2222.9,8348.11,1.02,41.75,182.77,2388.02,8067.34,9.3212,0.02,334,2223,100.0,14.83,8.8807
2,4,35.0015,0.84,100.0,449.44,555.79,1365.58,1130.79,5.48,8.0,194.61,2222.93,8345.84,1.02,42.0,182.96,2388.06,8067.54,9.2843,0.02,334,2223,100.0,14.88,9.0115
2,5,10.0078,0.2502,100.0,489.05,605.09,1497.14,1310.13,10.52,15.49,394.39,2318.93,8777.0,1.26,45.28,371.57,2388.16,8124.91,8.6601,0.03,369,2319,100.0,28.59,17.1683
2,6,9.9984,0.25,100.0,489.05,605.16,1509.31,1307.77,10.52,15.49,395.09,2318.93,8779.12,1.26,45.44,370.73,2388.16,8129.97,8.6182,0.03,370,2319,100.0,28.49,17.0851
2,7,34.9998,0.84,100.0,449.44,555.22,1363.47,1127.21,5.48,8.0,195.51,2222.92,8357.21,1.02,41.78,182.72,2388.06,8067.85,9.3306,0.02,333,2223,100.0,14.88,8.8478
2,8,25.0056,0.62,60.0,462.54,536.98,1253.16,1051.91,7.05,9.02,175.9,1915.31,8011.93,0.94,36.69,164.64,2028.24,7871.98,10.948,0.02,307,1915,84.93,14.28,8.5194
2,9,10.006,0.2501,100.0,489.05,604.83,1499.84,1313.65,10.52,15.49,394.29,2318.97,8771.66,1.26,45.51,371.35,2388.16,8124.89,8.6586,0.03,369,2319,100.0,28.54,17.0684
2,10,35.002,0.84,100.0,449.44,555.84,1367.16,1123.18,5.48,8.0,194.73,2222.89,8356.51,1.02,42.01,183.74,2388.02,8069.47,9.3012,0.02,334,2223,100.0,14.88,8.8743
2,11,42.0047,0.8408,100.0,445.0,549.88,1350.06,1125.46,3.91,5.71,138.85,2211.89,8330.18,1.02,42.21,130.55,2387.92,8080.62,9.3766,0.02,331,2212,100.0,10.59,6.3387
2,12,25.0021,0.62,60.0,462.54,536.73,1256.75,1043.06,7.05,9.03,175.58,1915.31,8009.28,0.94,36.63,164.6,2028.2,7869.69,10.9373,0.02,307,1915,84.93,14.35,8.6232
2,13,41.9994,0.841,100.0,445.0,549.69,1353.86,1115.91,3.91,5.72,138.92,2211.9,8322.62,1.02,41.96,130.34,2387.92,8081.87,9.3693,0.02,330,2212,100.0,10.66,6.2814
2,14,10.0063,0.2511,100.0,489.05,604.43,1503.5,1317.78,10.52,15.49,394.34,2318.88,8773.29,1.26,45.35,371.47,2388.14,8133.99,8.6539,0.03,370,2319,100.0,28.75,17.0503
2,15,20.0074,0.7005,100.0,491.19,607.41,1477.66,1255.25,9.35,13.66,334.2,2323.96,8723.17,1.07,44.44,314.13,2388.1,8064.62,9.2135,0.02,365,2324,100.0,24.71,14.6311
2,16,20.0001,0.7005,100.0,491.19,607.25,1484.09,1250.24,9.35,13.66,334.43,2324.0,8715.72,1.08,44.45,315.45,2388.11,8065.2,9.2293,0.02,364,2324,100.0,24.57,14.7892
2,17,20.0062,0.7,100.0,491.19,607.51,1486.95,1254.14,9.35,13.65,334.69,2323.98,8722.73,1.08,44.25,315.02,2388.09,8063.52,9.1795,0.02,366,2324,100.0,24.34,14.701
2,18,42.0032,0.8418,100.0,445.0,549.42,1348.52,1128.8,3.91,5.71,138.55,2211.85,8320.42,1.02,42.03,130.54,2387.92,8079.86,9.3681,0.02,332,2212,100.0,10.77,6.2304
2,19,42.0028,0.84,100.0,445.0,549.49,1356.32,1127.58,3.91,5.72,139.27,2211.87,8319.65,1.02,42.04,130.02,2387.94,8081.94,9.3923,0.02,332,2212,100.0,10.62,6.3556
2,20,10.0025,0.2505,100.0,489.05,604.06,1504.53,1315.27,10.52,15.49,395.05,2318.89,8785.39,1.26,45.48,371.84,2388.15,8134.91,8.627,0.03,369,2319,100.0,28.48,17.1478
2,21,25.0029,0.62,60.0,462.54,536.63,1262.45,1048.45,7.05,9.03,174.98,1915.33,8013.84,0.94,36.87,164.77,2028.26,7872.26,10.902,0.02,306,1915,84.93,14.3,8.5705
2,22,0.0029,0.0008,100.0,518.67,642.85,1588.95,1407.03,14.62,21.61,553.34,2388.1,9051.2,1.3,47.36,521.56,2388.06,8136.73,8.4285,0.03,393,2388,100.0,39.05,23.2849
2,23,10.0079,0.2518,100.0,489.05,604.98,1499.31,1307.57,10.52,15.49,394.2,2318.94,8778.98,1.26,45.32,371.88,2388.17,8127.84,8.6559,0.03,371,2319,100.0,28.73,17.1254
2,24,35.006,0.84,100.0,449.44,555.71,1367.98,1139.97,5.48,8.0,193.82,2222.87,8339.78,1.02,41.83,183.17,2387.99,8065.69,9.3069,0.02,335,2223,100.0,14.89,8.9057
2,25,41.9987,0.8407,100.0,445.0,549.73,1347.09,1132.85,3.91,5.71,138.62,2211.79,8324.91,1.02,41.96,130.42,2387.87,8082.48,9.3633,0.02,331,2212,100.0,10.58,6.2876
2,26,34.9987,0.84,100.0,449.44,554.79,1363.58,1123.04,5.48,8.0,194.69,2222.98,8353.03,1.02,41.77,182.87,2388.02,8070.01,9.3311,0.02,335,2223,100.0,14.76,8.9357
2,27,10.006,0.25,100.0,489.05,604.52,1499.69,1306.52,10.52,15.49,394.47,2318.94,8781.82,1.26,45.36,371.67,2388.13,8132.99,8.6438,0.03,369,2319,100.0,28.71,17.1662
2,28,0.0007,0.0,100.0,518.67,642.39,1594.86,1404.61,14.62,21.61,553.49,2388.07,9052.28,1.3,47.39,521.29,2388.05,8134.8,8.4109,0.03,392,2388,100.0,38.9,23.34
2,29,42.0054,0.8403,100.0,445.0,549.3,1356.9,1133.27,3.91,5.72,138.14,2211.8,8319.47,1.02,42.5,130.11,2387.92,8083.01,9.3499,0.02,330,2212,100.0,10.58,6.3707
2,30,20.0038,0.7,100.0,491.19,607.62,1483.18,1244.05,9.35,13.66,334.57,2323.96,8724.1,1.07,44.43,314.69,2388.13,8061.0,9.2543,0.02,365,2324,100.0,24.6,14.7222
2,31,42.0029,0.84,100.0,445.0,549.62,1348.98,1127.47,3.91,5.72,139.08,2211.86,8316.63,1.02,42.04,130.85,2387.9,8085.08,9.3617,0.02,330,2212,100.0,10.4,6.4732
2,32,42.0007,0.84,100.0,445.0,549.99,1359.98,1119.76,3.91,5.71,138.12,2211.82,8312.7,1.02,41.91,130.73,2388.01,8086.53,9.3582,0.02,329,2212,100.0,10.7,6.2897
2,33,42.0004,0.84,100.0,445.0,549.58,1350.53,1123.96,3.91,5.71,138.82,2211.84,8315.79,1.02,42.38,131.07,2387.88,8073.54,9.3794,0.02,331,2212,100.0,10.5,6.3648
2,34,42.0073,0.84,100.0,445.0,549.33,1354.13,1125.85,3.91,5.71,138.8,2211.79,8325.62,1.02,42.02,130.54,2387.89,8077.1,9.308,0.02,330,2212,100.0,10.76,6.46
2,35,0.0007,0.0005,100.0,518.67,642.24,1588.44,1410.92,14.62,21.61,554.18,2388.09,9058.45,1.3,47.47,521.9,2388.1,8134.24,8.4292,0.03,393,2388,100.0,38.85,23.3334
2,36,10.0024,0.25,100.0,489.05,604.72,1501.47,1311.17,10.52,15.5,394.42,2318.94,8778.26,1.26,45.32,371.58,2388.12,8130.9,8.6776,0.03,369,2319,100.0,28.64,17.2315
2,37,25.0054,0.62,60.0,462.54,536.26,1264.14,1050.53,7.05,9.02,175.48,1915.3,8010.34,0.94,36.74,164.47,2028.18,7872.45,10.9044,0.02,307,1915,84.93,14.28,8.514
2,38,24.9985,0.6217,60.0,462.54,536.62,1259.91,1050.04,7.05,9.03,174.83,1915.34,8017.15,0.94,36.67,164.51,2028.19,7872.84,10.9112,0.02,305,1915,84.93,14.09,8.5166
2,39,42.0029,0.841,100.0,445.0,549.5,1356.35,1116.41,3.91,5.72,138.03,2211.85,8318.08,1.02,41.98,130.47,2387.92,8080.2,9.3723,0.02,331,2212,100.0,10.5,6.3621
2,40,41.9986,0.84,100.0,445.0,549.7,1360.71,1125.59,3.91,5.71,139.01,2211.84,8310.3,1.02,41.94,130.82,2387.87,8077.79,9.3945,0.02,330,2212,100.0,10.66,6.2538
2,41,20.0064,0.7009,100.0,491.19,607.08,1486.82,1251.4,9.35,13.66,334.28,2323.99,8717.28,1.08,44.4,315.09,2388.05,8060.36,9.2695,0.02,365,2324,100.0,24.4,14.7232
2,42,42.003,0.84,100.0,445.0,550.05,1351.87,1129.41,3.91,5.72,138.45,2211.84,8323.47,1.02,42.25,130.35,2387.91,8084.88,9.3793,0.02,332,2212,100.0,10.67,6.283
2,43,0.003,0.0,100.0,518.67,642.56,1581.43,1405.32,14.62,21.61,553.57,2388.11,9060.96,1.3,47.54,521.33,2388.05,8130.27,8.4151,0.03,392,2388,100.0,39.0,23.2433
2,44,25.0071,0.6218,60.0,462.54,537.31,1263.95,1049.09,7.05,9.03,175.54,1915.34,8004.28,0.94,36.64,164.17,2028.17,7870.22,10.877,0.02,309,1915,84.93,14.46,8.6307
2,45,25.0024,0.62,60.0,462.54,536.65,1252.86,1046.7,7.05,9.03,174.79,1915.33,8007.92,0.94,36.87,164.34,2028.26,7878.2,10.9428,0.02,307,1915,84.93,14.17,8.5985
2,46,25.004,0.62,60.0,462.54,536.74,1254.36,1054.6,7.05,9.03,175.44,1915.35,8003.92,0.94,36.81,164.89,2028.19,7875.73,10.881,0.02,306,1915,84.93,14.36,8.6879
2,47,0.0022,0.0011,100.0,518.67,642.06,1591.09,1404.89,14.62,21.61,553.37,2388.07,9057.43,1.3,47.49,521.17,2388.1,8133.95,8.4693,0.03,393,2388,100.0,38.85,23.1992
2,48,42.0028,0.8412,100.0,445.0,549.79,1348.35,1124.08,3.91,5.71,137.98,2211.87,8318.58,1.02,42.04,130.7,2387.96,8080.67,9.349,0.02,331,2212,100.0,10.66,6.3427
2,49,42.0028,0.84,100.0,445.0,549.53,1354.96,1126.07,3.91,5.72,138.08,2211.87,8324.47,1.02,42.03,130.56,2387.92,8083.04,9.3685,0.02,331,2212,100.0,10.62,6.3562
2,50,0.0005,0.0,100.0,518.67,642.72,1593.98,1409.93,14.62,21.61,552.93,2388.1,9056.19,1.3,47.73,521.15,2388.08,8137.69,8.4687,0.03,393,2388,100.0,38.81,23.351
2,51,42.0033,0.84,100.0,445.0,549.97,1348.43,1123.02,3.91,5.71,138.58,2211.87,8321.83,1.02,41.98,130.66,2387.9,8087.84,9.3813,0.02,330,2212,100.0,10.69,6.3856
2,52,42.0038,0.8403,100.0,445.0,549.62,1348.55,1120.95,3.91,5.71,138.13,2211.8,8324.45,1.02,42.08,130.42,2387.91,8078.33,9.3696,0.02,329,2212,100.0,10.68,6.2935
2,53,42.0017,0.84,100.0,445.0,549.04,1355.86,1129.94,3.91,5.72,138.93,2211.93,8331.84,1.02,42.08,130.14,2387.96,8076.67,9.3814,0.02,332,2212,100.0,10.7,6.3658
2,54,35.004,0.84,100.0,449.44,555.72,1368.81,1133.38,5.48,8.0,195.21,2222.94,8347.38,1.02,41.99,182.68,2388.08,8064.71,9.3038,0.02,335,2223,100.0,14.85,8.8682
2,55,0.0018,0.0,100.0,518.67,642.67,1591.67,1418.17,14.62,21.61,553.36,2388.17,9056.17,1.3,47.43,521.1,2388.12,8138.12,8.4248,0.03,393,2388,100.0,38.82,23.3463
3,1,10.0052,0.25,100.0,489.05,604.79,1494.58,1307.35,10.52,15.49,394.33,2318.94,8764.2,1.26,45.4,372.02,2388.09,8125.12,8.72,0.03,369,2319,100.0,28.78,17.1895
3,2,0.0015,0.0007,100.0,518.67,642.48,1585.51,1402.98,14.62,21.61,553.72,2388.1,9040.34,1.3,47.34,521.89,2388.08,8124.46,8.4388,0.03,392,2388,100.0,38.82,23.3408
3,3,0.0025,0.0015,100.0,518.67,642.71,1592.87,1407.35,14.62,21.61,553.51,2388.1,9047.34,1.3,47.35,521.4,2388.13,8127.67,8.4404,0.03,394,2388,100.0,38.85,23.289
3,4,35.0045,0.8418,100.0,449.44,554.61,1364.51,1125.47,5.48,8.0,194.48,2222.81,8346.79,1.02,42.04,183.08,2387.91,8057.16,9.3164,0.02,334,2223,100.0,14.89,8.9109
3,5,9.9984,0.2513,100.0,489.05,605.0,1499.69,1307.33,10.52,15.49,394.33,2318.94,8763.76,1.26,45.2,371.48,2388.14,8119.35,8.6301,0.03,367,2319,100.0,28.48,17.1142
3,6,34.9988,0.84,100.0,449.44,555.92,1360.59,1119.31,5.48,8.0,195.15,2222.72,8345.14,1.02,41.92,182.97,2387.88,8059.14,9.321,0.02,333,2223,100.0,14.84,8.9248
3,7,41.9988,0.8404,100.0,445.0,549.32,1350.91,1121.72,3.91,5.71,138.99,2211.68,8312.29,1.02,42.0,130.37,2387.77,8070.0,9.3394,0.02,330,2212,100.0,10.83,6.3625
3,8,0.0023,0.0011,100.0,518.67,642.68,1588.12,1399.49,14.62,21.61,553.39,2388.06,9044.1,1.3,47.49,521.95,2388.11,8128.41,8.412,0.03,393,2388,100.0,38.89,23.3645
3,9,0.0024,0.0,100.0,518.67,642.33,1589.16,1402.52,14.62,21.61,553.44,2388.1,9052.5,1.3,47.35,521.38,2388.08,8129.57,8.4196,0.03,392,2388,100.0,39.04,23.3458
3,10,0.0024,0.0017,100.0,518.67,642.62,1591.26,1404.79,14.62,21.61,553.94,2388.15,9047.26,1.3,47.4,522.16,2388.12,8127.98,8.4469,0.03,391,2388,100.0,38.77,23.3933
3,11,25.0078,0.62,60.0,462.54,536.85,1264.96,1040.95,7.05,9.02,175.98,1915.15,7998.79,0.94,36.81,165.28,2028.09,7862.27,10.8791,0.02,308,1915,84.93,14.33,8.6276
3,12,0.0006,0.0019,100.0,518.67,642.41,1600.77,1400.66,14.62,21.61,554.07,2388.07,9041.87,1.3,47.43,522.1,2388.15,8129.87,8.4153,0.03,393,2388,100.0,38.99,23.3281
3,13,20.0034,0.7012,100.0,491.19,606.81,1480.73,1248.17,9.35,13.65,334.47,2323.86,8712.71,1.08,44.4,315.14,2388.05,8051.82,9.1973,0.02,365,2324,100.0,24.19,14.6751
3,14,20.0007,0.7,100.0,491.19,607.41,1487.09,1251.55,9.35,13.65,335.1,2323.96,8713.06,1.08,44.37,315.67,2388.02,8053.08,9.2109,0.02,365,2324,100.0,24.47,14.695
3,15,0.0028,0.0,100.0,518.67,642.71,1581.09,1406.54,14.62,21.61,553.24,2388.06,9047.29,1.3,47.36,521.64,2388.1,8128.6,8.4025,0.03,391,2388,100.0,39.07,23.3553
3,16,41.999,0.8416,100.0,445.0,549.17,1350.87,1127.06,3.91,5.71,138.45,2211.69,8316.75,1.02,41.88,129.99,2387.8,8072.04,9.3822,0.02,331,2212,100.0,10.37,6.3519
3,17,41.9988,0.84,100.0,445.0,549.77,1350.1,1125.66,3.91,5.72,139.01,2211.66,8311.84,1.02,42.16,130.43,2387.73,8071.72,9.3766,0.02,332,2212,100.0,10.7,6.3437
3,18,10.0052,0.2503,100.0,489.05,604.48,1502.08,1302.14,10.52,15.49,394.56,2318.92,8772.74,1.26,45.44,371.77,2388.14,8122.15,8.615,0.03,369,2319,100.0,28.68,17.1896
3,19,9.9983,0.25,100.0,489.05,605.22,1488.52,1308.39,10.52,15.49,394.65,2318.85,8770.77,1.26,45.32,371.61,2388.12,8122.01,8.6437,0.03,371,2319,100.0,28.6,17.1427
3,20,42.0007,0.8413,100.0,445.0,549.56,1344.83,1120.32,3.91,5.71,138.27,2211.7,8315.88,1.02,42.06,130.02,2387.78,8081.4,9.3947,0.02,331,2212,100.0,10.48,6.2533
3,21,0.0021,0.0,100.0,518.67,642.48,1598.78,1397.15,14.62,21.61,553.8,2388.1,9052.08,1.3,47.29,522.1,2388.09,8125.67,8.415,0.03,393,2388,100.0,38.82,23.2384
3,22,9.9989,0.2509,100.0,489.05,604.28,1495.44,1305.89,10.52,15.49,394.62,2318.89,8765.32,1.26,45.57,371.48,2388.12,8125.56,8.6314,0.03,371,2319,100.0,28.5,17.1874
3,23,10.005,0.25,100.0,489.05,604.32,1496.47,1306.93,10.52,15.49,394.47,2318.92,8768.26,1.26,45.64,371.57,2388.08,8124.55,8.6515,0.03,370,2319,100.0,28.51,17.1597
3,24,25.0067,0.62,60.0,462.54,536.85,1261.5,1046.11,7.05,9.03,175.25,1915.21,8001.39,0.94,36.65,164.87,2028.1,7864.22,10.9042,0.02,307,1915,84.93,14.19,8.6115
3,25,35.0042,0.8416,100.0,449.44,555.83,1366.18,1127.08,5.48,8.0,194.69,2222.78,8343.01,1.02,41.87,183.32,2387.9,8066.09,9.2932,0.02,334,2223,100.0,14.91,8.97
3,26,0.0001,0.0006,100.0,518.67,642.24,1587.64,1407.44,14.62,21.61,554.27,2388.09,9043.55,1.3,47.52,521.66,2388.09,8122.64,8.4122,0.03,393,2388,100.0,38.97,23.2384
3,27,10.0055,0.2502,100.0,489.05,604.91,1496.68,1310.81,10.52,15.49,394.13,2318.91,8771.49,1.26,45.38,372.24,2388.11,8128.84,8.6295,0.03,368,2319,100.0,28.41,17.1284
3,28,35.0061,0.84,100.0,449.44,556.25,1375.13,1128.99,5.48,8.0,194.37,2222.82,8340.66,1.02,41.85,182.45,2387.85,8059.26,9.3036,0.02,334,2223,100.0,14.84,8.9329
3,29,20.0009,0.7,100.0,491.19,607.12,1487.33,1247.78,9.35,13.65,334.1,2323.91,8710.32,1.08,44.36,314.96,2388.08,8046.49,9.2325,0.02,365,2324,100.0,24.52,14.7178
3,30,35.0002,0.84,100.0,449.44,555.69,1366.01,1119.25,5.48,8.0,193.64,2222.81,8346.03,1.02,41.99,183.24,2387.92,8064.06,9.3305,0.02,333,2223,100.0,14.76,8.8609
3,31,10.006,0.2516,100.0,489.05,604.45,1501.86,1310.87,10.52,15.49,394.8,2318.91,8767.82,1.26,45.28,371.17,2388.14,8128.35,8.6176,0.03,369,2319,100.0,28.52,17.0491
3,32,24.9996,0.6205,60.0,462.54,536.86,1262.46,1048.29,7.05,9.03,175.29,1915.26,7998.75,0.94,36.7,164.65,2028.09,7870.0,10.8587,0.02,307,1915,84.93,14.41,8.5871
3,33,35.0038,0.841,100.0,449.44,555.34,1356.36,1129.06,5.48,8.0,194.61,2222.78,8343.23,1.02,42.07,182.86,2387.87,8058.5,9.322,0.02,335,2223,100.0,14.83,8.9461
3,34,35.0009,0.841,100.0,449.44,554.95,1362.09,1130.66,5.48,8.0,194.56,2222.8,8337.66,1.02,41.96,183.57,2387.86,8059.59,9.3062,0.02,332,2223,100.0,15.06,8.863
3,35,10.0008,0.25,100.0,489.05,604.48,1500.46,1307.89,10.52,15.5,395.03,2318.89,8772.89,1.26,45.21,371.77,2388.12,8126.91,8.6485,0.03,371,2319,100.0,28.66,17.1275
3,36,20.0062,0.7,100.0,491.19,607.49,1479.24,1249.03,9.35,13.65,334.71,2323.91,8711.91,1.08,44.31,315.08,2388.07,8052.04,9.2127,0.02,365,2324,100.0,24.52,14.6829
3,37,35.0034,0.841,100.0,449.44,555.83,1362.95,1129.96,5.48,8.0,194.87,2222.81,8341.54,1.02,41.85,183.92,2387.9,8062.53,9.3198,0.02,334,2223,100.0,14.84,8.9407
3,38,25.0075,0.6204,60.0,462.54,536.74,1260.0,1041.53,7.05,9.02,175.67,1915.24,8007.27,0.94,36.69,164.69,2028.13,7866.44,10.9135,0.02,307,1915,84.93,14.23,8.5898
3,39,35.0016,0.8407,100.0,449.44,555.76,1362.53,1123.85,5.48,8.0,194.11,2222.8,8339.9,1.03,41.73,183.14,2387.9,8060.5,9.2922,0.02,334,2223,100.0,15.19,8.9598
3,40,9.9982,0.25,100.0,489.05,604.79,1494.69,1303.22,10.52,15.49,394.37,2318.89,8771.28,1.26,45.37,371.49,2388.1,8122.1,8.6531,0.03,370,2319,100.0,28.52,17.1476
3,41,25.0043,0.6205,60.0,462.54,536.83,1266.43,1048.56,7.05,9.03,175.05,1915.19,8004.03,0.94,36.64,164.85,2028.06,7867.28,10.8564,0.02,308,1915,84.93,14.31,8.5163
3,42,42.0012,0.84,100.0,445.0,549.09,1352.13,1112.78,3.91,5.71,138.76,2211.72,8313.04,1.02,42.05,130.71,2387.8,8077.01,9.3789,0.02,330,2212,100.0,10.61,6.2987
3,43,19.9982,0.7002,100.0,491.19,607.19,1482.52,1249.68,9.35,13.65,334.52,2323.92,8713.53,1.08,44.32,314.82,2388.05,8054.71,9.2107,0.02,364,2324,100.0,24.54,14.6393
3,44,42.0033,0.84,100.0,445.0,549.2,1353.21,1120.39,3.91,5.72,139.32,2211.71,8305.27,1.02,41.94,130.1,2387.76,8072.22,9.3683,0.02,330,2212,100.0,10.69,6.3022
3,45,24.9981,0.6202,60.0,462.54,537.07,1266.47,1049.31,7.05,9.02,175.87,1915.18,8003.28,0.94,36.7,164.77,2028.1,7870.0,10.8725,0.02,308,1915,84.93,14.19,8.5471
3,46,0.0018,0.0,100.0,518.67,642.87,1588.03,1405.63,14.62,21.61,553.79,2388.12,9044.52,1.3,47.48,522.2,2388.08,8128.17,8.409,0.03,393,2388,100.0,38.78,23.3288
3,47,34.9985,0.84,100.0,449.44,555.46,1366.41,1126.92,5.48,8.0,194.89,2222.79,8339.23,1.02,41.88,183.42,2387.85,8055.96,9.3066,0.02,333,2223,100.0,14.8,8.9528
3,48,24.9998,0.62,60.0,462.54,536.41,1259.23,1047.15,7.05,9.02,175.19,1915.23,8006.68,0.94,36.6,164.9,2028.11,7871.42,10.8687,0.02,307,1915,84.93,14.18,8.4818
3,49,25.0069,0.6217,60.0,462.54,536.93,1263.82,1045.11,7.05,9.03,175.9,1915.24,8003.11,0.94,36.64,164.12,2028.09,7864.49,10.8986,0.02,307,1915,84.93,14.22,8.6398
3,50,19.999,0.7002,100.0,491.19,607.41,1488.7,1254.29,9.35,13.66,335.06,2323.96,8722.64,1.08,44.47,313.93,2388.03,8053.81,9.2006,0.02,364,2324,100.0,24.52,14.7332
3,51,42.0031,0.84,100.0,445.0,549.47,1354.27,1118.0,3.91,5.71,138.38,2211.82,8320.07,1.02,42.06,130.61,2387.78,8072.4,9.3535,0.02,330,2212,100.0,10.53,6.4726
3,52,41.9996,0.84,100.0,445.0,549.35,1350.46,1124.85,3.91,5.72,138.38,2211.79,8310.62,1.02,42.09,130.88,2387.86,8074.46,9.3645,0.02,330,2212,100.0,10.72,6.4408
3,53,42.0023,0.8405,100.0,445.0,549.07,1357.74,1119.12,3.91,5.72,138.13,2211.74,8313.09,1.02,42.14,130.4,2387.83,8071.96,9.3669,0.02,330,2212,100.0,10.57,6.3761
3,54,0.0003,0.0001,100.0,518.67,641.89,1587.7,1411.53,14.62,21.61,553.72,2388.06,9046.38,1.3,47.34,521.79,2388.11,8137.36,8.436,0.03,392,2388,100.0,38.92,23.2351
3,55,20.0049,0.7007,100.0,491.19,607.2,1485.71,1248.65,9.35,13.66,334.56,2323.97,8717.37,1.08,44.44,315.07,2388.1,8051.13,9.2195,0.02,365,2324,100.0,24.4,14.6305
3,56,41.9987,0.84,100.0,445.0,549.58,1353.62,1128.51,3.91,5.71,138.92,2211.81,8322.76,1.02,42.17,130.45,2387.84,8083.89,9.387,0.02,331,2212,100.0,10.66,6.2673
3,57,42.0008,0.84,100.0,445.0,549.9,1359.7,1122.65,3.91,5.71,138.19,2211.75,8310.64,1.02,42.1,130.99,2387.81,8073.63,9.3586,0.02,330,2212,100.0,10.54,6.3236
3,58,19.999,0.7007,100.0,491.19,607.44,1481.45,1248.99,9.35,13.66,334.93,2323.9,8716.16,1.08,44.44,315.4,2388.04,8055.87,9.2198,0.02,365,2324,100.0,24.43,14.7665
3,59,10.0039,0.25,100.0,489.05,604.4,1498.92,1308.77,10.52,15.49,394.47,2318.95,8770.24,1.26,45.39,372.02,2388.12,8123.39,8.6432,0.03,369,2319,100.0,28.67,17.1473
3,60,25.0032,0.62,60.0,462.54,537.03,1262.74,1037.08,7.05,9.03,175.51,1915.26,8006.23,0.94,36.8,164.52,2028.13,7874.33,10.8912,0.02,306,1915,84.93,14.32,8.5458
3,61,0.0007,0.0018,100.0,518.67,643.01,1585.63,1404.67,14.62,21.61,554.17,2388.12,9043.4,1.3,47.63,521.24,2388.09,8129.25,8.4419,0.03,392,2388,100.0,38.76,23.3902
3,62,42.0035,0.84,100.0,445.0,549.64,1352.83,1125.38,3.91,5.71,138.61,2211.7,8313.28,1.02,41.79,130.34,2387.76,8066.93,9.3785,0.02,331,2212,100.0,10.65,6.3393
3,63,42.0047,0.8408,100.0,445.0,549.42,1353.42,1125.68,3.91,5.72,138.31,2211.73,8314.49,1.02,42.22,130.71,2387.74,8074.91,9.3874,0.02,329,2212,100.0,10.9,6.358
3,64,35.0057,0.84,100.0,449.44,555.61,1364.42,1129.12,5.48,8.0,194.64,2222.77,8341.76,1.02,41.99,183.05,2387.89,8056.5,9.3308,0.02,333,2223,100.0,14.99,8.938
3,65,0.0001,0.0002,100.0,518.67,642.34,1589.03,1403.37,14.62,21.61,554.14,2388.17,9050.15,1.3,47.44,521.83,2388.12,8124.8,8.4278,0.03,394,2388,100.0,39.05,23.4011
3,66,10.0029,0.2506,100.0,489.05,604.36,1503.63,1308.53,10.52,15.49,393.87,2318.91,8766.05,1.26,45.41,371.48,2388.12,8125.19,8.6681,0.03,368,2319,100.0,28.41,17.1397
3,67,42.0078,0.8419,100.0,445.0,549.8,1342.93,1129.12,3.91,5.72,138.34,2211.72,8308.55,1.02,41.89,130.23,2387.87,8080.47,9.3508,0.02,330,2212,100.0,10.63,6.27
3,68,0.0024,0.0,100.0,518.67,642.34,1585.33,1406.39,14.62,21.61,553.78,2388.11,9048.18,1.3,47.44,521.97,2388.1,8133.21,8.4192,0.03,392,2388,100.0,38.75,23.4011
3,69,0.003,0.0,100.0,518.67,642.29,1581.98,1408.13,14.62,21.61,553.13,2388.1,9050.73,1.3,47.3,521.86,2388.05,8131.95,8.4399,0.03,394,2388,100.0,38.91,23.3191
3,70,0.0005,0.0,100.0,518.67,642.25,1588.36,1404.23,14.62,21.61,553.49,2388.12,9050.21,1.3,47.28,521.89,2388.06,8129.59,8.4475,0.03,392,2388,100.0,38.93,23.1983
3,71,42.003,0.8412,100.0,445.0,549.67,1360.97,1124.05,3.91,5.71,139.06,2211.74,8313.78,1.02,41.87,130.77,2387.83,8077.15,9.2978,0.02,331,2212,100.0,10.44,6.3695
3,72,34.9982,0.8418,100.0,449.44,555.98,1366.53,1123.84,5.48,8.0,194.29,2222.87,8339.15,1.02,41.9,183.53,2387.84,8054.43,9.302,0.02,336,2223,100.0,14.82,8.9494
3,73,25.006,0.6209,60.0,462.54,536.68,1258.38,1042.37,7.05,9.02,175.46,1915.23,8005.97,0.94,36.59,164.71,2028.11,7867.71,10.8884,0.02,307,1915,84.93,14.33,8.6082
3,74,20.0004,0.7005,100.0,491.19,607.63,1482.38,1246.87,9.35,13.65,334.75,2323.95,8713.89,1.08,44.39,314.93,2388.06,8056.56,9.2508,0.02,366,2324,100.0,24.33,14.7726
3,75,10.0078,0.2505,100.0,489.05,604.63,1503.14,1310.5,10.52,15.49,394.69,2318.96,8770.14,1.26,45.28,371.51,2388.18,8120.18,8.6447,0.03,369,2319,100.0,28.66,17.1226
3,76,25.003,0.6202,60.0,462.54,536.79,1259.81,1051.5,7.05,9.02,174.53,1915.18,8003.17,0.94,36.77,164.22,2028.09,7869.91,10.9337,0.02,306,1915,84.93,14.48,8.4771
3,77,35.0001,0.8405,100.0,449.44,555.32,1359.45,1128.09,5.48,8.0,194.58,2222.86,8347.8,1.02,41.88,183.39,2387.84,8063.62,9.37,0.02,333,2223,100.0,14.8,8.8909
3,78,35.0042,0.84,100.0,449.44,555.44,1367.19,1135.37,5.48,8.0,194.53,2222.85,8344.09,1.02,41.79,183.31,2387.96,8060.61,9.3202,0.02,334,2223,100.0,14.83,8.9414
3,79,35.0018,0.84,100.0,449.44,555.64,1365.42,1127.94,5.48,8.0,194.06,2222.77,8330.61,1.02,41.98,183.23,2387.88,8059.82,9.3233,0.02,332,2223,100.0,14.96,8.8635
3,80,42.0014,0.84,100.0,445.0,549.05,1356.53,1124.44,3.91,5.71,138.51,2211.81,8315.35,1.02,41.89,130.57,2387.87,8079.61,9.3749,0.02,332,2212,100.0,10.65,6.4262
3,81,0.0007,0.0,100.0,518.67,642.44,1587.63,1408.06,14.62,21.61,553.47,2388.1,9053.97,1.3,47.24,521.68,2388.06,8126.51,8.4278,0.03,394,2388,100.0,38.97,23.3903
3,82,35.0062,0.84,100.0,449.44,555.31,1362.1,1140.97,5.48,8.0,194.94,2222.78,8347.45,1.02,41.87,183.57,2387.88,8062.22,9.3148,0.02,333,2223,100.0,14.84,8.8389
3,83,35.0029,0.8418,100.0,449.44,555.52,1358.24,1125.54,5.48,8.0,194.76,2222.82,8347.02,1.02,41.86,183.3,2387.98,8061.26,9.3312,0.02,335,2223,100.0,14.88,8.9691
3,84,42.0059,0.8418,100.0,445.0,549.32,1350.99,1124.55,3.91,5.72,138.39,2211.71,8312.24,1.02,42.11,130.8,2387.8,8075.16,9.3459,0.02,331,2212,100.0,10.5,6.258
3,85,25.007,0.62,60.0,462.54,536.76,1258.09,1047.7,7.05,9.02,175.57,1915.18,7999.51,0.94,36.75,164.32,2028.13,7870.12,10.8906,0.02,305,1915,84.93,14.34,8.5592
3,86,0.0022,0.0011,100.0,518.67,642.53,1591.42,1404.37,14.62,21.61,553.7,2388.1,9052.9,1.3,47.35,521.74,2388.16,8129.27,8.4424,0.03,392,2388,100.0,38.97,23.4204
3,87,20.0051,0.7008,100.0,491.19,607.91,1481.63,1249.33,9.35,13.66,333.93,2323.94,8723.45,1.08,44.47,315.2,2388.08,8053.62,9.2219,0.02,367,2324,100.0,24.52,14.6769
3,88,0.0014,0.0,100.0,518.67,642.54,1590.07,1407.26,14.62,21.61,553.53,2388.13,9044.83,1.3,47.42,521.59,2388.11,8127.96,8.422,0.03,393,2388,100.0,38.92,23.1845
3,89,42.002,0.841,100.0,445.0,549.58,1353.99,1125.88,3.91,5.72,137.92,2211.77,8312.07,1.02,41.94,130.75,2387.85,8079.57,9.313,0.02,331,2212,100.0,10.59,6.3526
3,90,0.0009,0.0008,100.0,518.67,642.04,1594.61,1404.07,14.62,21.61,554.02,2388.14,9049.09,1.3,47.72,521.44,2388.13,8129.39,8.4357,0.03,393,2388,100.0,39.02,23.3339
3,91,20.0066,0.7,100.0,491.19,606.87,1485.15,1246.0,9.35,13.65,335.18,2323.97,8717.98,1.08,44.47,314.9,2388.08,8049.69,9.1959,0.02,365,2324,100.0,24.44,14.7393
3,92,42.0035,0.84,100.0,445.0,550.06,1357.12,1125.45,3.91,5.71,139.47,2211.73,8314.41,1.02,41.96,130.41,2387.83,8078.03,9.3564,0.02,331,2212,100.0,10.67,6.4127
3,93,0.0019,0.002,100.0,518.67,642.83,1598.21,1411.82,14.62,21.61,553.49,2388.07,9044.02,1.3,47.47,521.5,2388.1,8132.62,8.439,0.03,394,2388,100.0,38.96,23.2935
3,94,42.0047,0.8407,100.0,445.0,549.26,1360.76,1128.05,3.91,5.71,139.05,2211.74,8314.69,1.02,41.99,129.97,2387.82,8075.94,9.3726,0.02,331,2212,100.0,10.6,6.3987
3,95,10.0022,0.2501,100.0,489.05,604.74,1502.25,1306.22,10.52,15.49,394.71,2318.94,8762.56,1.26,45.42,370.92,2388.11,8124.89,8.7016,0.03,369,2319,100.0,28.55,17.0736
3,96,25.0015,0.6215,60.0,462.54,537.1,1259.3,1043.75,7.05,9.02,175.69,1915.2,8006.0,0.94,36.71,164.43,2028.07,7868.5,10.9242,0.02,307,1915,84.93,14.13,8.5142
3,97,20.0021,0.7003,100.0,491.19,607.68,1489.26,1246.29,9.35,13.65,334.85,2323.95,8722.98,1.08,44.29,315.21,2388.04,8053.54,9.2039,0.02,365,2324,100.0,24.58,14.6186
3,98,9.9991,0.2507,100.0,489.05,604.93,1502.76,1306.95,10.52,15.49,394.46,2318.97,8773.62,1.26,45.5,371.61,2388.16,8126.02,8.6245,0.03,369,2319,100.0,28.53,17.1716
3,99,19.9988,0.701,100.0,491.19,607.45,1487.09,1253.96,9.35,13.66,334.56,2323.98,8715.26,1.08,44.39,314.19,2388.14,8054.97,9.2203,0.02,365,2324,100.0,24.71,14.6232
3,100,0.0011,0.0019,100.0,518.67,641.9,1593.88,1402.9,14.62,21.61,553.71,2388.06,9044.43,1.3,47.63,521.42,2388.12,8135.42,8.4432,0.03,393,2388,100.0,38.78,23.4153
3,101,42.0008,0.84,100.0,445.0,549.61,1353.96,1123.65,3.91,5.71,138.67,2211.84,8314.12,1.02,42.16,129.89,2387.91,8077.62,9.3712,0.02,332,2212,100.0,10.72,6.4011
3,102,42.001,0.84,100.0,445.0,549.46,1352.4,1125.86,3.91,5.71,138.48,2211.8,8311.04,1.02,42.12,130.45,2387.86,8081.13,9.3813,0.02,332,2212,100.0,10.69,6.3769
3,103,10.007,0.25,100.0,489.05,604.02,1489.6,1306.38,10.52,15.49,394.23,2318.96,8775.83,1.26,45.36,371.75,2388.12,8129.34,8.6435,0.03,369,2319,100.0,28.67,17.2021
3,104,34.9986,0.84,100.0,449.44,555.59,1366.14,1132.69,5.48,8.0,195.26,2222.84,8346.19,1.02,41.76,183.82,2387.87,8060.73,9.3033,0.02,333,2223,100.0,14.81,8.9795
3,105,9.999,0.25,100.0,489.05,605.25,1499.25,1307.89,10.52,15.49,394.1,2318.97,8774.22,1.26,45.53,371.87,2388.09,8125.57,8.6452,0.03,370,2319,100.0,28.43,17.0659
3,106,10.0053,0.2508,100.0,489.05,604.63,1496.49,1301.81,10.52,15.49,393.98,2318.93,8774.12,1.26,45.62,371.63,2388.09,8126.45,8.6755,0.03,369,2319,100.0,28.55,17.2318
3,107,35.0025,0.84,100.0,449.44,555.62,1363.22,1131.1,5.48,8.0,194.54,2222.85,8342.18,1.02,41.95,182.92,2387.93,8067.28,9.313,0.02,334,2223,100.0,14.94,8.8901
3,108,42.006,0.84,100.0,445.0,549.89,1354.84,1122.73,3.91,5.72,138.27,2211.83,8318.88,1.02,42.12,130.06,2387.8,8080.74,9.3782,0.02,331,2212,100.0,10.65,6.329
3,109,35.0079,0.8419,100.0,449.44,555.52,1364.52,1127.48,5.48,8.0,194.13,2222.89,8346.89,1.02,41.93,182.67,2387.96,8066.34,9.3247,0.02,334,2223,100.0,14.65,8.8991
3,110,42.0016,0.8403,100.0,445.0,549.24,1353.79,1128.02,3.91,5.71,138.45,2211.77,8316.45,1.02,42.07,130.85,2387.84,8079.2,9.3799,0.02,331,2212,100.0,10.44,6.2698
3,111,41.9988,0.84,100.0,445.0,549.4,1352.83,1122.94,3.91,5.72,137.79,2211.78,8319.35,1.02,41.99,131.12,2387.84,8073.96,9.3674,0.02,332,2212,100.0,10.53,6.478
3,112,0.0008,0.0019,100.0,518.67,642.4,1587.11,1403.49,14.62,21.61,552.71,2388.12,9056.76,1.3,47.57,520.92,2388.12,8129.44,8.4508,0.03,393,2388,100.0,38.76,23.2435
3,113,20.0061,0.7012,100.0,491.19,607.21,1482.09,1255.89,9.35,13.66,334.19,2323.94,8716.87,1.08,44.45,315.47,2388.08,8056.03,9.1931,0.02,364,2324,100.0,24.69,14.7656
3,114,0.0011,0.0,100.0,518.67,643.07,1586.72,1408.38,14.62,21.61,553.38,2388.11,9045.9,1.3,47.39,522.01,2388.12,8135.08,8.4353,0.03,392,2388,100.0,38.93,23.2775
3,115,42.0002,0.8404,100.0,445.0,549.7,1354.65,1127.21,3.91,5.71,138.75,2211.76,8314.79,1.02,42.04,130.68,2387.9,8080.59,9.341,0.02,330,2212,100.0,10.47,6.2936
3,116,42.0058,0.8411,100.0,445.0,549.9,1354.02,1134.22,3.91,5.71,138.19,2211.73,8312.85,1.02,42.03,130.59,2387.87,8078.08,9.379,0.02,331,2212,100.0,10.69,6.3585
3,117,42.0053,0.84,100.0,445.0,549.18,1356.65,1126.04,3.91,5.72,139.12,2211.77,8310.14,1.02,42.12,130.39,2387.89,8080.14,9.3837,0.02,331,2212,100.0,10.8,6.372
3,118,42.0074,0.8417,100.0,445.0,549.89,1351.97,1127.32,3.91,5.71,138.58,2211.79,8316.47,1.02,41.93,130.79,2387.85,8078.09,9.3775,0.02,329,2212,100.0,10.52,6.3986
3,119,10.0079,0.25,100.0,489.05,605.37,1501.64,1311.78,10.52,15.49,394.94,2318.92,8778.02,1.26,45.45,371.67,2388.13,8126.32,8.6514,0.03,370,2319,100.0,28.46,17.1775
3,120,25.0045,0.62,60.0,462.54,536.75,1262.27,1051.43,7.05,9.03,174.75,1915.25,8003.74,0.94,36.72,164.56,2028.15,7871.78,10.8539,0.02,308,1915,84.93,14.41,8.5794
3,121,10.0026,0.25,100.0,489.05,604.93,1503.29,1316.06,10.52,15.49,395.16,2318.98,8776.15,1.26,45.49,371.53,2388.13,8121.01,8.6487,0.03,370,2319,100.0,28.58,17.1301
3,122,35.0001,0.84,100.0,449.44,555.34,1362.1,1130.9,5.48,8.0,195.07,2222.9,8347.14,1.02,42.0,183.06,2387.93,8063.15,9.3193,0.02,335,2223,100.0,14.78,8.9467
3,123,25.003,0.6205,60.0,462.54,537.29,1266.55,1048.47,7.05,9.02,175.45,1915.22,8001.8,0.94,36.82,164.97,2028.07,7864.97,10.9025,0.02,308,1915,84.93,14.35,8.7298
3,124,10.007,0.2506,100.0,489.05,604.97,1501.48,1308.9,10.52,15.49,394.68,2318.93,8776.25,1.26,45.4,371.07,2388.15,8123.77,8.652,0.03,370,2319,100.0,28.51,17.1008
3,125,25.0028,0.6205,60.0,462.54,536.56,1263.73,1054.88,7.05,9.03,175.35,1915.31,8015.2,0.94,36.78,164.33,2028.18,7871.2,10.8904,0.02,309,1915,84.93,14.28,8.6803
3,126,10.0029,0.2502,100.0,489.05,604.8,1502.33,1311.59,10.52,15.49,394.27,2318.96,8771.73,1.26,45.41,371.53,2388.14,8126.44,8.6592,0.03,370,2319,100.0,28.59,17.152
3,127,10.0074,0.25,100.0,489.05,604.87,1494.43,1313.01,10.52,15.49,393.64,2318.94,8773.36,1.26,45.45,371.45,2388.14,8132.06,8.6385,0.03,370,2319,100.0,28.53,17.1037
3,128,35.0041,0.84,100.0,449.44,556.06,1361.23,1133.51,5.48,8.0,193.95,2222.94,8354.09,1.02,41.96,182.84,2387.97,8064.01,9.3331,0.02,335,2223,100.0,14.64,8.9441
3,129,10.0062,0.2518,100.0,489.05,604.81,1500.65,1312.18,10.52,15.49,393.69,2318.91,8776.99,1.26,45.63,371.38,2388.17,8131.47,8.6624,0.03,370,2319,100.0,28.64,17.1883
3,130,20.0,0.7,100.0,491.19,607.64,1482.04,1260.71,9.35,13.66,333.87,2323.94,8722.98,1.08,44.43,315.26,2388.04,8058.99,9.2089,0.02,365,2324,100.0,24.35,14.6532
3,131,42.0028,0.8418,100.0,445.0,549.27,1358.05,1127.18,3.91,5.72,137.73,2211.83,8321.65,1.02,42.16,130.18,2387.88,8082.34,9.3732,0.02,330,2212,100.0,10.63,6.3174
3,132,20.008,0.7014,100.0,491.19,607.55,1483.7,1248.33,9.35,13.65,334.91,2323.99,8723.27,1.08,44.29,315.03,2388.0,8060.29,9.2406,0.02,365,2324,100.0,24.22,14.8334
3,133,0.0019,0.0,100.0,518.67,642.51,1592.66,1404.68,14.62,21.61,553.31,2388.15,9049.41,1.3,47.58,521.65,2388.09,8132.93,8.4651,0.03,393,2388,100.0,38.71,23.3002
3,134,10.0068,0.25,100.0,489.05,604.27,1497.55,1309.23,10.52,15.49,394.09,2318.96,8779.72,1.26,45.42,371.75,2388.13,8128.47,8.6767,0.03,370,2319,100.0,28.49,17.1378
3,135,42.0075,0.84,100.0,445.0,549.8,1354.71,1129.48,3.91,5.72,138.77,2211.86,8320.67,1.02,42.04,130.39,2387.92,8077.49,9.3994,0.02,331,2212,100.0,10.84,6.4075
3,136,10.0005,0.2501,100.0,489.05,604.84,1501.07,1319.09,10.52,15.49,394.44,2319.0,8781.89,1.26,45.35,372.25,2388.21,8130.58,8.6384,0.03,369,2319,100.0,28.5,17.1192
3,137,25.0064,0.6204,60.0,462.54,536.83,1255.94,1055.22,7.05,9.03,175.37,1915.33,8005.8,0.94,36.84,164.35,2028.19,7873.51,10.9367,0.02,306,1915,84.93,14.34,8.54
3,138,20.0022,0.7006,100.0,491.19,607.26,1478.64,1249.84,9.35,13.65,334.68,2323.9,8723.47,1.08,44.33,314.99,2388.1,8059.37,9.2196,0.02,365,2324,100.0,24.44,14.6548
3,139,20.0059,0.7016,100.0,491.19,607.16,1481.89,1251.21,9.35,13.66,334.25,2323.94,8720.1,1.08,44.44,315.09,2388.1,8059.65,9.2133,0.02,365,2324,100.0,24.47,14.671
3,140,25.0054,0.6204,60.0,462.54,536.72,1262.94,1049.78,7.05,9.03,175.19,1915.28,8007.09,0.94,36.68,164.68,2028.27,7875.6,10.8942,0.02,308,1915,84.93,14.38,8.4871
3,141,19.9994,0.7008,100.0,491.19,607.36,1491.77,1252.74,9.35,13.66,334.1,2324.03,8720.17,1.08,44.41,314.46,2388.08,8061.19,9.2358,0.02,364,2324,100.0,24.48,14.7049
3,142,25.0026,0.62,60.0,462.54,536.79,1265.13,1046.95,7.05,9.03,175.52,1915.27,8015.53,0.94,36.72,164.71,2028.2,7867.92,10.8915,0.02,306,1915,84.93,14.28,8.6174
3,143,42.0058,0.842,100.0,445.0,549.63,1348.38,1124.59,3.91,5.71,139.07,2211.86,8316.6,1.02,42.04,130.36,2387.91,8081.98,9.3786,0.02,331,2212,100.0,10.75,6.3362
3,144,35.0055,0.8415,100.0,449.44,556.04,1361.68,1124.13,5.48,8.0,194.84,2222.91,8345.25,1.02,41.84,182.92,2387.99,8062.52,9.354,0.02,334,2223,100.0,14.78,8.7922
3,145,41.9982,0.84,100.0,445.0,549.22,1358.81,1127.97,3.91,5.72,138.58,2211.86,8318.52,1.02,42.12,130.7,2387.94,8084.73,9.3934,0.02,330,2212,100.0,10.46,6.3348
3,146,10.0029,0.2512,100.0,489.05,604.96,1496.97,1305.8,10.52,15.49,394.82,2318.93,8775.99,1.26,45.66,371.02,2388.14,8127.93,8.6755,0.03,370,2319,100.0,28.58,17.1896
3,147,42.0029,0.8405,100.0,445.0,549.51,1347.35,1130.55,3.91,5.71,138.86,2211.87,8319.49,1.02,42.1,130.56,2387.94,8080.98,9.3859,0.02,330,2212,100.0,10.72,6.2856
3,148,20.0029,0.7017,100.0,491.19,607.39,1491.5,1250.07,9.35,13.66,333.56,2323.96,8717.09,1.08,44.59,314.54,2388.11,8058.68,9.2593,0.02,366,2324,100.0,24.38,14.6763
3,149,0.0004,0.0001,100.0,518.67,642.42,1583.05,1406.08,14.62,21.61,553.56,2388.15,9059.81,1.3,47.5,521.07,2388.13,8134.53,8.4564,0.03,392,2388,100.0,38.72,23.4065
3,150,41.9994,0.8409,100.0,445.0,549.42,1353.63,1126.17,3.91,5.71,138.72,2211.86,8320.76,1.02,42.23,130.92,2388.01,8079.62,9.3908,0.02,331,2212,100.0,10.75,6.349
3,151,0.0001,0.0,100.0,518.67,642.73,1586.85,1404.24,14.62,21.61,553.28,2388.14,9053.15,1.3,47.64,521.63,2388.14,8130.85,8.4218,0.03,394,2388,100.0,38.78,23.3642
3,152,20.0042,0.7,100.0,491.19,607.68,1482.54,1254.69,9.35,13.66,334.46,2324.0,8725.12,1.07,44.4,315.22,2388.09,8061.83,9.2411,0.02,366,2324,100.0,24.48,14.6579
3,153,42.0017,0.8418,100.0,445.0,549.67,1350.42,1131.8,3.91,5.72,138.32,2211.85,8324.7,1.02,42.08,130.16,2387.89,8080.79,9.378,0.02,332,2212,100.0,10.59,6.3117
3,154,0.0007,0.0,100.0,518.67,642.84,1597.14,1398.89,14.62,21.61,553.37,2388.13,9061.88,1.3,47.59,521.08,2388.13,8135.64,8.4431,0.03,393,2388,100.0,38.72,23.2664
3,155,20.0076,0.7016,100.0,491.19,607.52,1485.29,1248.09,9.35,13.66,334.0,2323.92,8722.19,1.07,44.41,315.32,2388.14,8060.14,9.2352,0.02,366,2324,100.0,24.5,14.6067
3,156,9.9991,0.2518,100.0,489.05,604.39,1500.63,1314.79,10.52,15.49,394.48,2318.92,8778.1,1.26,45.6,371.39,2388.17,8126.72,8.6655,0.03,369,2319,100.0,28.56,17.1237
3,157,0.0017,0.0019,100.0,518.67,642.69,1592.43,1411.95,14.62,21.61,553.37,2388.06,9064.6,1.3,47.47,521.35,2388.15,8136.38,8.4306,0.03,391,2388,100.0,38.97,23.2672
3,158,20.0031,0.7001,100.0,491.19,607.27,1488.98,1259.15,9.35,13.65,334.63,2323.97,8728.68,1.08,44.35,314.75,2388.13,8061.29,9.2424,0.02,366,2324,100.0,24.24,14.679
3,159,10.0008,0.2516,100.0,489.05,605.23,1501.95,1316.07,10.52,15.49,393.97,2318.94,8781.83,1.26,45.52,371.27,2388.17,8134.96,8.652,0.03,370,2319,100.0,28.64,17.2244
3,160,34.9988,0.84,100.0,449.44,555.42,1367.37,1129.98,5.48,8.0,194.66,2222.99,8348.45,1.02,41.78,182.82,2388.02,8063.75,9.3337,0.02,333,2223,100.0,14.74,8.9441
3,161,42.0013,0.84,100.0,445.0,549.22,1356.77,1132.08,3.91,5.72,138.85,2211.92,8320.59,1.02,42.12,130.83,2388.02,8085.92,9.3448,0.02,332,2212,100.0,10.71,6.3717
3,162,25.0062,0.6219,60.0,462.54,536.82,1262.73,1051.22,7.05,9.02,175.68,1915.32,8009.44,0.94,36.8,164.51,2028.27,7879.14,10.9264,0.02,307,1915,84.93,14.15,8.5344
3,163,25.0004,0.62,60.0,462.54,536.68,1260.86,1047.08,7.05,9.03,175.52,1915.41,8015.2,0.94,36.86,164.61,2028.25,7876.66,10.9499,0.02,307,1915,84.93,14.17,8.5486
3,164,35.0016,0.84,100.0,449.44,555.29,1367.88,1128.28,5.48,8.0,194.02,2223.01,8358.78,1.02,42.03,183.17,2388.1,8073.04,9.288,0.02,334,2223,100.0,14.86,8.8141
3,165,35.0015,0.8412,100.0,449.44,555.86,1370.62,1135.59,5.48,8.0,194.58,2222.96,8353.33,1.02,41.91,183.11,2388.07,8071.23,9.3094,0.02,332,2223,100.0,14.75,8.9589
